,ID,Year,Fall,Name,Name_Type,Mass,Latitude,Longitude
0,1,1880-01-01T00:00:00.000,Fell,Aachen,Valid,21,50.775,6.08333
1,2,1951-01-01T00:00:00.000,Fell,Aarhus,Valid,720,56.18333,10.23333
2,6,1952-01-01T00:00:00.000,Fell,Abee,Valid,107000,54.21667,-113.0
3,10,1976-01-01T00:00:00.000,Fell,Acapulco,Valid,1914,16.88333,-99.9
4,370,1902-01-01T00:00:00.000,Fell,Achiras,Valid,780,-33.16667,-64.95
5,379,1919-01-01T00:00:00.000,Fell,Adhi Kot,Valid,4239,32.1,71.8
6,390,1949-01-01T00:00:00.000,Fell,Adzhi-Bogdo (stone),Valid,910,44.83333,95.16667
7,392,1814-01-01T00:00:00.000,Fell,Agen,Valid,30000,44.21667,0.61667
8,398,1930-01-01T00:00:00.000,Fell,Aguada,Valid,1620,-31.6,-65.23333
9,417,1920-01-01T00:00:00.000,Fell,Aguila Blanca,Valid,1440,-30.86667,-64.55
10,423,1974-01-01T00:00:00.000,Fell,Aioun el Atrouss,Valid,1000,16.39806,-9.57028
11,424,1925-01-01T00:00:00.000,Fell,Aïr,Valid,24000,19.08333,8.38333
12,425,1769-01-01T00:00:00.000,Fell,Aire-sur-la-Lys,Valid,,50.66667,2.33333
13,426,1949-01-01T00:00:00.000,Fell,Akaba,Valid,779,29.51667,35.05
14,427,1838-01-01T00:00:00.000,Fell,Akbarpur,Valid,1800,29.71667,77.95
15,432,1959-01-01T00:00:00.000,Fell,Akwanga,Valid,3000,8.91667,8.43333
16,433,1981-01-01T00:00:00.000,Fell,Akyumak,Valid,50000,39.91667,42.81667
17,446,1957-01-01T00:00:00.000,Fell,Al Rais,Valid,160,24.41667,39.51667
18,447,2001-01-01T00:00:00.000,Fell,Al Zarnkh,Valid,700,13.66033,28.96
19,448,1806-01-01T00:00:00.000,Fell,Alais,Valid,6000,44.11667,4.08333
20,453,1766-01-01T00:00:00.000,Fell,Albareto,Valid,2000,44.65,11.01667
21,454,1949-01-01T00:00:00.000,Fell,Alberta,Valid,625,2.0,22.66667
22,458,2002-01-01T00:00:00.000,Fell,Alby sur Chéran,Valid,252,45.82133,6.01533
23,461,1835-01-01T00:00:00.000,Fell,Aldsworth,Valid,700,51.78333,-1.78333
24,462,1873-01-01T00:00:00.000,Fell,Aleppo,Valid,3200,36.23333,37.13333
25,463,1860-01-01T00:00:00.000,Fell,Alessandria,Valid,908,44.88333,8.75
26,465,1900-01-01T00:00:00.000,Fell,Alexandrovsky,Valid,9251,50.95,31.81667
27,466,1883-01-01T00:00:00.000,Fell,Alfianello,Valid,228000,45.26667,10.15
28,2276,1899-01-01T00:00:00.000,Fell,Allegan,Valid,32000,42.53333,-85.88333
29,2278,1969-01-01T00:00:00.000,Fell,Allende,Valid,2000000,26.96667,-105.31667
30,48915,2008-01-01T00:00:00.000,Fell,Almahata Sitta,Valid,3950,20.74575,32.41275
31,2284,1977-01-01T00:00:00.000,Fell,Alta'ameem,Valid,6000,35.27333,44.21556
32,2290,1895-01-01T00:00:00.000,Fell,Ambapur Nagla,Valid,6400,27.66667,78.25
33,2294,1880-01-01T00:00:00.000,Fell,Andhara,Valid,2700,26.58333,85.56667
34,2295,1898-01-01T00:00:00.000,Fell,Andover,Valid,3200,44.61667,-70.75
35,2296,1969-01-01T00:00:00.000,Fell,Andreevka,Valid,600,48.7,37.5
36,2298,1939-01-01T00:00:00.000,Fell,Andura,Valid,17900,20.88333,76.86667
37,50693,,Found,Northwest Africa 5815,Valid,256.8,0.0,0.0
38,2301,1822-01-01T00:00:00.000,Fell,Angers,Valid,,47.46667,-0.55
39,2302,1869-01-01T00:00:00.000,Fell,Angra dos Reis (stone),Valid,1500,-22.96667,-44.31667
40,2304,1942-01-01T00:00:00.000,Fell,Ankober,Valid,6500,9.53333,39.71667
41,2305,1971-01-01T00:00:00.000,Fell,Anlong,Valid,2500,25.15,105.18333
42,2313,1984-01-01T00:00:00.000,Fell,Aomori,Valid,320,40.81056,140.78556
43,2318,1914-01-01T00:00:00.000,Fell,Appley Bridge,Valid,15000,53.58333,-2.71667
44,2320,1803-01-01T00:00:00.000,Fell,Apt,Valid,3200,43.86667,5.38333
45,2325,1954-01-01T00:00:00.000,Fell,Arbol Solo,Valid,810,-33.0,-66.0
46,2329,1932-01-01T00:00:00.000,Fell,Archie,Valid,5070,38.5,-94.3
47,2340,1950-01-01T00:00:00.000,Fell,Arroyo Aguiar,Valid,7450,-31.41667,-60.66667
48,2345,1805-01-01T00:00:00.000,Fell,Asco,Valid,41,42.45,9.03333
49,48954,2009-01-01T00:00:00.000,Fell,Ash Creek,Valid,9500,31.805,-97.01
50,2346,1923-01-01T00:00:00.000,Fell,Ashdon,Valid,1300,52.05,0.3
51,2353,1886-01-01T00:00:00.000,Fell,Assisi,Valid,2000,43.03333,12.55
52,4883,1920-01-01T00:00:00.000,Fell,Atarra,Valid,1280,25.25417,80.625
53,4884,1896-01-01T00:00:00.000,Fell,Atemajac,Valid,94.2,20.06667,-103.66667
54,4885,1933-01-01T00:00:00.000,Fell,Athens,Valid,265,34.75,-87.0
55,4888,1945-01-01T00:00:00.000,Fell,Atoka,Valid,1384.2,34.31667,-96.15
56,4893,1836-01-01T00:00:00.000,Fell,Aubres,Valid,800,44.38333,5.16667
57,4899,1865-01-01T00:00:00.000,Fell,Aumale,Valid,50000,36.16667,3.66667
58,4900,1842-01-01T00:00:00.000,Fell,Aumieres,Valid,2000,44.33333,3.23333
59,4903,1858-01-01T00:00:00.000,Fell,Ausson,Valid,50000,43.08333,0.58333
60,4905,1952-01-01T00:00:00.000,Fell,Avanhandava,Valid,9330,-21.46028,-49.95083
61,4906,1908-01-01T00:00:00.000,Fell,Avce,Valid,1230,46.0,13.5
62,4907,1855-01-01T00:00:00.000,Fell,Avilez,Valid,146,25.0,-103.5
63,4910,1968-01-01T00:00:00.000,Fell,Awere,Valid,134,2.71667,32.83333
64,4913,1938-01-01T00:00:00.000,Fell,Aztec,Valid,2830,36.8,-108.0
65,4917,1814-01-01T00:00:00.000,Fell,Bachmut,Valid,18000,48.6,38.0
66,4922,1934-01-01T00:00:00.000,Fell,Bahjoi,Valid,10322,28.48333,78.5
67,4925,1929-01-01T00:00:00.000,Fell,Bald Mountain,Valid,3700,35.96667,-82.48333
68,4926,1922-01-01T00:00:00.000,Fell,Baldwyn,Valid,345,34.5,-88.66667
69,4928,1907-01-01T00:00:00.000,Fell,Bali,Valid,1000,5.38333,16.38333
70,4934,1993-01-01T00:00:00.000,Fell,Ban Rong Du,Valid,16700,16.66667,101.18333
71,4935,1871-01-01T00:00:00.000,Fell,Bandong,Valid,11500,-6.91667,107.6
72,4936,1892-01-01T00:00:00.000,Fell,Bansur,Valid,15000,27.7,76.33333
73,4937,1913-01-01T00:00:00.000,Fell,Banswal,Valid,14,30.4,78.2
74,4938,1933-01-01T00:00:00.000,Fell,Banten,Valid,629,-6.33333,106.0
75,4942,1790-01-01T00:00:00.000,Fell,Barbotan,Valid,6400,43.95,-0.05
76,4944,1704-01-01T00:00:00.000,Fell,Barcelona (stone),Valid,,41.36667,2.16667
77,4946,1842-01-01T00:00:00.000,Fell,Barea,Valid,3200,42.38333,-2.5
78,4947,1904-01-01T00:00:00.000,Fell,Barnaul,Valid,23.2,52.73333,84.08333
79,4948,1886-01-01T00:00:00.000,Fell,Barntrup,Valid,17,52.0,9.1
80,4949,1910-01-01T00:00:00.000,Fell,Baroti,Valid,4500,31.61667,76.8
81,4954,1965-01-01T00:00:00.000,Fell,Barwell,Valid,44000,52.56528,-1.33972
82,44876,2006-01-01T00:00:00.000,Fell,Bassikounou,Valid,29560,15.78333,-5.9
83,4957,1994-01-01T00:00:00.000,Fell,Baszkówka,Valid,15500,52.03333,20.93583
84,4974,1892-01-01T00:00:00.000,Fell,Bath,Valid,21000,45.41667,-98.31667
85,4975,1902-01-01T00:00:00.000,Fell,Bath Furnace,Valid,86000,38.25,-83.75
86,56133,2012-01-01T00:00:00.000,Fell,Battle Mountain,Valid,2900,40.66813,-117.18913
87,4976,1989-01-01T00:00:00.000,Fell,Bawku,Valid,1557,11.08333,-0.18333
88,4977,1916-01-01T00:00:00.000,Fell,Baxter,Valid,611,36.75,-93.5
89,4984,1929-01-01T00:00:00.000,Fell,Beardsley,Valid,16000,39.8,-101.2
90,4986,1893-01-01T00:00:00.000,Fell,Beaver Creek,Valid,14000,51.16667,-117.33333
91,4993,1949-01-01T00:00:00.000,Fell,Beddgelert,Valid,794,53.01667,-4.1
92,5005,1961-01-01T00:00:00.000,Fell,Bells,Valid,375,33.6,-96.46667
93,5009,1937-01-01T00:00:00.000,Fell,Belville,Valid,,-32.33333,-64.86667
94,5011,1798-01-01T00:00:00.000,Fell,Benares (a),Valid,3700,25.36667,82.91667
95,30443,2004-01-01T00:00:00.000,Fell,Benguerir,Valid,25000,32.25,-8.15
96,5018,2001-01-01T00:00:00.000,Fell,Beni M'hira,Valid,19000,32.86667,10.8
97,5021,1938-01-01T00:00:00.000,Fell,Benld,Valid,1770.5,39.08333,-89.15
98,5023,1943-01-01T00:00:00.000,Fell,Benoni,Valid,3880,-26.16667,28.41667
99,5024,2002-01-01T00:00:00.000,Fell,Bensour,Valid,45000,30.0,-7.0
100,5026,1949-01-01T00:00:00.000,Fell,Benton,Valid,2840,45.95,-67.55
101,48975,2008-01-01T00:00:00.000,Fell,Berduc,Valid,270,-31.91,-58.32833
102,5028,1924-01-01T00:00:00.000,Fell,Béréba,Valid,18000,11.65,-3.65
103,5029,1811-01-01T00:00:00.000,Fell,Berlanguillas,Valid,1440,41.68333,-3.8
104,47355,2004-01-01T00:00:00.000,Fell,Berthoud,Valid,960,40.30583,-105.02325
105,5032,1859-01-01T00:00:00.000,Fell,Bethlehem,Valid,13.9,42.53333,-73.83333
106,5034,1859-01-01T00:00:00.000,Fell,Beuste,Valid,2000,43.21667,-0.23333
107,5035,1921-01-01T00:00:00.000,Fell,Beyrout,Valid,1100,33.88333,35.5
108,5037,1877-01-01T00:00:00.000,Fell,Bhagur,Valid,18,20.88333,74.83333
109,36591,2002-01-01T00:00:00.000,Fell,Bhawad,Valid,678,26.50833,73.11528
110,5039,1893-01-01T00:00:00.000,Fell,Bherai,Valid,100,20.83333,71.46667
111,5040,1940-01-01T00:00:00.000,Fell,Bhola,Valid,1047,22.68333,90.65
112,5041,1905-01-01T00:00:00.000,Fell,Bholghati,Valid,2500,22.08333,86.9
113,5042,1827-01-01T00:00:00.000,Fell,Bialystok,Valid,4000,53.1,23.2
114,5043,1887-01-01T00:00:00.000,Fell,Bielokrynitschie,Valid,1900,50.13333,27.16667
115,5045,1999-01-01T00:00:00.000,Fell,Bilanga,Valid,25000,12.45,-0.08333
116,5051,1984-01-01T00:00:00.000,Fell,Binningup,Valid,488.1,-33.15639,115.67639
117,5056,1923-01-01T00:00:00.000,Fell,Birni N'konni,Valid,560,13.76667,5.3
118,5059,1843-01-01T00:00:00.000,Fell,Bishopville,Valid,6000,34.16667,-80.28333
119,5060,1895-01-01T00:00:00.000,Fell,Bishunpur,Valid,1039,25.38333,82.6
120,5063,1796-01-01T00:00:00.000,Fell,Bjelaja Zerkov,Valid,1850,49.78333,30.16667
121,5064,1899-01-01T00:00:00.000,Fell,Bjurböle,Valid,330000,60.4,25.8
122,5065,1941-01-01T00:00:00.000,Fell,Black Moshannan Park,Valid,705,40.91667,-78.08333
123,5068,1906-01-01T00:00:00.000,Fell,Blackwell,Valid,2381,36.83333,-97.33333
124,5071,1909-01-01T00:00:00.000,Fell,Blanket,Valid,5100,31.83333,-98.83333
125,5072,1833-01-01T00:00:00.000,Fell,Blansko,Valid,470,49.36667,16.63333
126,5076,1938-01-01T00:00:00.000,Fell,Bloomington,Valid,67.8,40.48,-89.00417
127,5090,1977-01-01T00:00:00.000,Fell,Bo Xian,Valid,7500,33.83333,115.83333
128,5093,1804-01-01T00:00:00.000,Fell,Bocas,Valid,56,23.0,-102.0
129,5097,1962-01-01T00:00:00.000,Fell,Bogou,Valid,8800,12.5,0.7
130,5098,1916-01-01T00:00:00.000,Fell,Boguslavka,Valid,256000,44.55,131.63333
131,5110,1808-01-01T00:00:00.000,Fell,Borgo San Donino,Valid,1676,44.86667,10.05
132,5111,1894-01-01T00:00:00.000,Fell,Bori,Valid,8600,21.95,78.03333
133,5112,1930-01-01T00:00:00.000,Fell,Boriskino,Valid,1342,54.23333,52.48333
134,5113,1852-01-01T00:00:00.000,Fell,Borkut,Valid,7000,48.15,24.28333
135,5114,1812-01-01T00:00:00.000,Fell,Borodino,Valid,500,55.46667,35.86667
136,5117,1823-01-01T00:00:00.000,Fell,Botschetschki,Valid,614,51.33333,33.88333
137,57168,2003-01-01T00:00:00.000,Fell,Boumdeid (2003),Valid,190,17.71067,-11.3715
138,57167,2011-01-01T00:00:00.000,Fell,Boumdeid (2011),Valid,3599,17.17493,-11.34133
139,5121,1969-01-01T00:00:00.000,Fell,Bovedy,Valid,5460,54.56667,-6.33333
140,5128,1886-01-01T00:00:00.000,Fell,Bradford Woods,Valid,762,40.5,-80.08333
141,5133,1847-01-01T00:00:00.000,Fell,Braunau,Valid,39000,50.6,16.3
142,5134,1956-01-01T00:00:00.000,Fell,Breitscheid,Valid,1500,50.66694,8.18361
143,5135,1855-01-01T00:00:00.000,Fell,Bremervörde,Valid,7250,53.4,9.1
144,5140,1933-01-01T00:00:00.000,Fell,Brient,Valid,219,52.13333,59.31667
145,5156,1960-01-01T00:00:00.000,Fell,Bruderheim,Valid,303000,53.9,-112.88333
146,30448,2001-01-01T00:00:00.000,Fell,Bukhara,Valid,5300,39.77978,64.60035
147,5163,1964-01-01T00:00:00.000,Fell,Bulls Run,Valid,2250,,64.60035
148,48653,2007-01-01T00:00:00.000,Fell,Bunburra Rockhole,Valid,324,-31.35,129.19
149,5165,1942-01-01T00:00:00.000,Fell,Bununu,Valid,357,10.01667,9.58333
150,5169,1919-01-01T00:00:00.000,Fell,Bur-Gheluai,Valid,120000,5.0,48.0
151,5175,1990-01-01T00:00:00.000,Fell,Burnwell,Valid,1504,37.62194,-82.23722
152,5177,1946-01-01T00:00:00.000,Fell,Bursa,Valid,25000,40.2,29.23333
153,5178,1863-01-01T00:00:00.000,Fell,Buschhof,Valid,5000,46.45,25.78333
154,5181,1852-01-01T00:00:00.000,Fell,Bustee,Valid,1500,26.78333,82.83333
155,5183,1861-01-01T00:00:00.000,Fell,Butsura,Valid,29000,27.08333,84.08333
156,48654,2008-01-01T00:00:00.000,Fell,Buzzard Coulee,Valid,41000,52.996,-109.84817
157,5185,1870-01-01T00:00:00.000,Fell,Cabezo de Mayo,Valid,25000,37.98333,-1.16667
158,5186,1886-01-01T00:00:00.000,Fell,Cabin Creek,Valid,48500,35.5,-93.5
159,5187,1919-01-01T00:00:00.000,Fell,Cacak,Valid,212,43.83889,20.33333
160,45976,2007-01-01T00:00:00.000,Fell,Cali,Valid,478,3.405,-76.51
161,5200,1916-01-01T00:00:00.000,Fell,Calivo,Valid,2400,11.75,122.33333
162,5249,1991-01-01T00:00:00.000,Fell,Campos Sales,Valid,23680,-7.03333,-40.16667
163,5250,1964-01-01T00:00:00.000,Fell,Çanakkale,Valid,4000,39.8,26.6
164,5251,1861-01-01T00:00:00.000,Fell,Cañellas,Valid,945,41.25,1.66667
165,5252,1866-01-01T00:00:00.000,Fell,Cangas de Onis,Valid,34000,43.38333,-5.15
166,5253,1973-01-01T00:00:00.000,Fell,Canon City,Valid,1400,38.47028,-105.24139
167,5260,1846-01-01T00:00:00.000,Fell,Cape Girardeau,Valid,2300,37.26667,-89.58333
168,5264,1934-01-01T00:00:00.000,Fell,Capilla del Monte,Valid,750,-30.88333,-64.55
169,45817,2007-01-01T00:00:00.000,Fell,Carancas,Valid,342,-16.66444,-69.04389
170,5265,1902-01-01T00:00:00.000,Fell,Caratash,Valid,8,38.5,27.0
171,5291,1874-01-01T00:00:00.000,Fell,Castalia,Valid,7300,36.08333,-78.06667
172,5292,1791-01-01T00:00:00.000,Fell,Castel Berardenga,Valid,,43.35,11.5
173,5293,1848-01-01T00:00:00.000,Fell,Castine,Valid,94,44.38333,-68.75
174,5295,1583-01-01T00:00:00.000,Fell,Castrovillari,Valid,15000,39.8,16.2
175,5296,1810-01-01T00:00:00.000,Fell,Caswell County,Valid,1360,36.5,-79.25
176,5306,1988-01-01T00:00:00.000,Fell,Ceniceros,Valid,1025,26.46667,-105.23333
177,5307,1956-01-01T00:00:00.000,Fell,Centerville,Valid,45.6,43.2,-96.91667
178,5308,1840-01-01T00:00:00.000,Fell,Cereseto,Valid,6460,45.08333,8.3
179,5313,1998-01-01T00:00:00.000,Fell,Chadong,Valid,3700,28.53333,109.31667
180,5314,1814-01-01T00:00:00.000,Fell,Chail,Valid,0.5,25.36667,81.66667
181,5315,1907-01-01T00:00:00.000,Fell,Chainpur,Valid,8200,25.85,83.48333
182,5316,1933-01-01T00:00:00.000,Fell,Chajari,Valid,18300,-30.78333,-58.05
183,5320,1838-01-01T00:00:00.000,Fell,Chandakapur,Valid,8800,20.26667,76.01667
184,5321,1885-01-01T00:00:00.000,Fell,Chandpur,Valid,1100,27.28333,79.05
185,5322,1977-01-01T00:00:00.000,Fell,Changde,Valid,1810,29.08333,111.75
186,5325,1812-01-01T00:00:00.000,Fell,Chantonnay,Valid,31500,46.68333,1.05
187,5328,1835-01-01T00:00:00.000,Fell,Charlotte,Valid,4300,36.16667,-87.33333
188,5329,1810-01-01T00:00:00.000,Fell,Charsonville,Valid,27000,47.93333,1.56667
189,5330,1834-01-01T00:00:00.000,Fell,Charwallas,Valid,12000,29.48333,75.5
190,5331,1815-01-01T00:00:00.000,Fell,Chassigny,Valid,4000,47.71667,5.36667
191,5332,1841-01-01T00:00:00.000,Fell,Château-Renard,Valid,30000,47.93333,2.91667
192,5334,1925-01-01T00:00:00.000,Fell,Chaves,Valid,2945,41.93333,-7.46667
193,5338,1988-01-01T00:00:00.000,Fell,Chela,Valid,2936,-3.66667,32.5
194,57165,2013-01-01T00:00:00.000,Fell,Chelyabinsk,Valid,100000,54.81667,61.11667
195,47347,2007-01-01T00:00:00.000,Fell,Chergach ,Valid,100000,23.69639,-5.01472
196,5339,1964-01-01T00:00:00.000,Fell,Chernyi Bor,Valid,6000,53.7,30.1
197,5340,1933-01-01T00:00:00.000,Fell,Cherokee Springs,Valid,8400,35.03333,-81.88333
198,5341,1901-01-01T00:00:00.000,Fell,Chervettaz,Valid,705,46.55,6.81667
199,5342,1939-01-01T00:00:00.000,Fell,Chervony Kut,Valid,1700,50.83333,34.0
200,5344,1880-01-01T00:00:00.000,Fell,Chetrinahatti,Valid,72,14.5,76.5
201,5345,1981-01-01T00:00:00.000,Fell,Chiang Khan,Valid,367,17.9,101.63333
202,5349,1938-01-01T00:00:00.000,Fell,Chicora,Valid,303,40.93333,-79.73333
203,5355,1988-01-01T00:00:00.000,Fell,Chisenga,Valid,3920,-10.05944,33.395
204,5356,1966-01-01T00:00:00.000,Fell,Chitado,Valid,,-17.35,13.96667
205,5357,1978-01-01T00:00:00.000,Fell,Chitenay,Valid,4000,47.47083,0.97667
206,5364,1979-01-01T00:00:00.000,Fell,Cilimus,Valid,1600,-6.95,108.1
207,5374,1984-01-01T00:00:00.000,Fell,Claxton,Valid,1455,32.1025,-81.87278
208,5383,1822-01-01T00:00:00.000,Fell,Clohars,Valid,48.6,,-81.87278
209,5395,1917-01-01T00:00:00.000,Fell,Colby (Wisconsin),Valid,104000,44.9,-90.28333
210,5397,1838-01-01T00:00:00.000,Fell,Cold Bokkeveld,Valid,5200,-33.13333,19.38333
211,5401,1994-01-01T00:00:00.000,Fell,Coleman,Valid,469,43.76111,-84.50778
212,5403,1890-01-01T00:00:00.000,Fell,Collescipoli,Valid,5000,42.53333,12.61667
213,5418,1965-01-01T00:00:00.000,Fell,Conquista,Valid,20350,-19.85,-47.55
214,5451,1844-01-01T00:00:00.000,Fell,Cosina,Valid,1200,21.16667,-100.86667
215,5465,1917-01-01T00:00:00.000,Fell,Cranganore,Valid,1460,10.2,76.26667
216,5470,1936-01-01T00:00:00.000,Fell,Crescent,Valid,78.400000000000006,35.95,-97.58333
217,5474,1877-01-01T00:00:00.000,Fell,Cronstad,Valid,3650,-27.7,27.3
218,5476,1892-01-01T00:00:00.000,Fell,Cross Roads,Valid,167,35.63333,-78.13333
219,5477,1902-01-01T00:00:00.000,Fell,Crumlin,Valid,4255,54.61667,-6.21667
220,5496,1919-01-01T00:00:00.000,Fell,Cumberland Falls,Valid,17000,36.83333,-84.35
221,5500,1877-01-01T00:00:00.000,Fell,Cynthiana,Valid,6000,38.4,-84.25
222,5504,1981-01-01T00:00:00.000,Fell,Dahmani,Valid,18000,35.61667,8.83333
223,5511,1878-01-01T00:00:00.000,Fell,Dandapur,Valid,5650,26.91667,83.96667
224,5513,1868-01-01T00:00:00.000,Fell,Daniel's Kuil,Valid,1064,-28.2,24.56667
225,5514,1868-01-01T00:00:00.000,Fell,Danville,Valid,2000,34.4,-87.06667
226,6603,1804-01-01T00:00:00.000,Fell,Darmstadt,Valid,100,49.86667,8.65
227,6604,1998-01-01T00:00:00.000,Fell,Dashoguz,Valid,7000,41.98444,59.685
228,51559,2008-01-01T00:00:00.000,Fell,Daule,Valid,6580,-1.87089,-79.95756
229,6621,1887-01-01T00:00:00.000,Fell,De Cewsville,Valid,340,43.0,-80.0
230,6634,1829-01-01T00:00:00.000,Fell,Deal,Valid,28,40.25,-74.0
231,6642,1897-01-01T00:00:00.000,Fell,Delhi,Valid,0.8,28.56667,77.25
232,6649,1911-01-01T00:00:00.000,Fell,Demina,Valid,16400,51.46667,84.76667
233,6660,1967-01-01T00:00:00.000,Fell,Denver,Valid,230,39.7825,-104.93056
234,6664,2001-01-01T00:00:00.000,Fell,Dergaon,Valid,12500,26.68333,93.86667
235,6693,1962-01-01T00:00:00.000,Fell,Desuri,Valid,25400,25.73333,73.61667
236,6694,2001-01-01T00:00:00.000,Fell,Devgaon,Valid,12000,19.0,81.0
237,6696,1994-01-01T00:00:00.000,Fell,Devri-Khera,Valid,1140,24.225,76.525
238,6698,1976-01-01T00:00:00.000,Fell,Dhajala,Valid,45000,22.37778,71.42722
239,6699,1848-01-01T00:00:00.000,Fell,Dharwar,Valid,1800,14.88333,75.6
240,7640,1860-01-01T00:00:00.000,Fell,Dhurmsala,Valid,32000,32.23333,76.46667
241,47350,2007-01-01T00:00:00.000,Fell,Didim,Valid,3396,37.35172,27.32997
242,7642,1906-01-01T00:00:00.000,Fell,Diep River,Valid,1000,-33.75,18.56667
243,7649,1957-01-01T00:00:00.000,Fell,Distrito Quebracho,Valid,400,-31.88333,-60.46667
244,7652,1884-01-01T00:00:00.000,Fell,Djati-Pengilon,Valid,166000,-7.5,111.5
245,7656,1961-01-01T00:00:00.000,Fell,Djermaia,Valid,3950,12.73333,15.05
246,7657,1999-01-01T00:00:00.000,Fell,Djoumine,Valid,10000,36.95,9.55
247,7658,1903-01-01T00:00:00.000,Fell,Dokachi,Valid,3840,23.5,90.33333
248,7659,1864-01-01T00:00:00.000,Fell,Dolgovoli,Valid,1600,50.75,25.3
249,7661,1907-01-01T00:00:00.000,Fell,Domanitch,Valid,438,40.0,29.0
250,7706,1995-01-01T00:00:00.000,Fell,Dong Ujimqin Qi,Valid,128800,45.5,119.03333
251,7707,1899-01-01T00:00:00.000,Fell,Donga Kohrod,Valid,230,21.86667,82.45
252,7708,1970-01-01T00:00:00.000,Fell,Dongtai,Valid,5500,32.91667,120.78333
253,7718,1805-01-01T00:00:00.000,Fell,Doroninsk,Valid,3891,51.2,112.3
254,7722,1962-01-01T00:00:00.000,Fell,Dosso,Valid,1250,13.05,3.16667
255,7723,1932-01-01T00:00:00.000,Fell,Douar Mghila,Valid,1161,32.33333,-6.3
256,7725,1976-01-01T00:00:00.000,Fell,Dowa,Valid,642,-13.66667,33.91667
257,7728,1827-01-01T00:00:00.000,Fell,Drake Creek,Valid,5000,36.4,-86.5
258,7731,1939-01-01T00:00:00.000,Fell,Dresden (Ontario),Valid,47700,42.52,-82.26
259,7736,1951-01-01T00:00:00.000,Fell,Dubrovnik,Valid,1900,42.45833,18.44167
260,7743,1999-01-01T00:00:00.000,Fell,Dunbogan,Valid,30,-31.66667,152.83333
261,7745,1865-01-01T00:00:00.000,Fell,Dundrum,Valid,2270,52.55,-8.03333
262,7749,1976-01-01T00:00:00.000,Fell,Dunhua,Valid,,43.33333,128.25
263,7750,1815-01-01T00:00:00.000,Fell,Durala,Valid,13200,30.3,76.63333
264,7752,1853-01-01T00:00:00.000,Fell,Duruma,Valid,577,-4.0,39.5
265,7754,1943-01-01T00:00:00.000,Fell,Duwun,Valid,2117,33.43333,127.26667
266,7755,1970-01-01T00:00:00.000,Fell,Dwaleni,Valid,3230,-27.2,31.31667
267,7757,1872-01-01T00:00:00.000,Fell,Dyalpur,Valid,300,26.25,82.0
268,7758,1933-01-01T00:00:00.000,Fell,Dyarrl Island,Valid,188,-3.0,151.0
269,7760,1947-01-01T00:00:00.000,Fell,Eagle,Valid,10000,40.78167,-96.47167
270,7774,1961-01-01T00:00:00.000,Fell,Ehole,Valid,2400,-17.3,15.83333
271,7775,1785-01-01T00:00:00.000,Fell,Eichstädt,Valid,3000,48.9,11.21667
272,7776,1939-01-01T00:00:00.000,Fell,Ekeby,Valid,3336,56.03333,13.0
273,7777,1916-01-01T00:00:00.000,Fell,Ekh Khera,Valid,840,28.26667,78.78333
274,7807,1989-01-01T00:00:00.000,Fell,El Idrissia,Valid,10000,34.41667,3.25
275,45977,1977-01-01T00:00:00.000,Fell,El Paso de Aguila,Valid,17226,25.37,-97.37
276,7819,1993-01-01T00:00:00.000,Fell,El Tigre,Valid,5000,19.96722,-103.05167
277,7822,1998-01-01T00:00:00.000,Fell,Elbert,Valid,680.5,39.24667,-104.58817
278,7823,1400-01-01T00:00:00.000,Fell,Elbogen,Valid,107000,50.18333,12.73333
279,7824,1951-01-01T00:00:00.000,Fell,Elenovka,Valid,54640,47.83333,37.66667
280,10019,1925-01-01T00:00:00.000,Fell,Ellemeet,Valid,1470,51.75,4.0
281,10033,1900-01-01T00:00:00.000,Fell,Emmaville,Valid,127,-29.46667,151.61667
282,10038,1974-01-01T00:00:00.000,Fell,Enshi,Valid,8000,30.3,109.5
283,10039,1492-01-01T00:00:00.000,Fell,Ensisheim,Valid,127000,47.86667,7.35
284,10041,1822-01-01T00:00:00.000,Fell,Épinal,Valid,277,48.18333,6.46667
285,10042,1940-01-01T00:00:00.000,Fell,Erakot,Valid,113,19.03333,81.89167
286,10043,1911-01-01T00:00:00.000,Fell,Erevan,Valid,107.2,40.3,44.5
287,10044,1889-01-01T00:00:00.000,Fell,Ergheo,Valid,20000,1.16667,44.16667
288,10049,1812-01-01T00:00:00.000,Fell,Erxleben,Valid,2250,52.21667,11.25
289,10051,1837-01-01T00:00:00.000,Fell,Esnandes,Valid,1500,46.25,-1.1
290,10055,1957-01-01T00:00:00.000,Fell,Essebi,Valid,500,2.88333,30.83333
291,10059,1879-01-01T00:00:00.000,Fell,Estherville,Valid,320000,43.41667,-94.83333
292,10074,1890-01-01T00:00:00.000,Fell,Farmington,Valid,89400,39.75,-97.03333
293,10075,1934-01-01T00:00:00.000,Fell,Farmville,Valid,56000,35.55,-77.53333
294,10078,1844-01-01T00:00:00.000,Fell,Favars,Valid,1500,44.38333,2.81667
295,10079,1934-01-01T00:00:00.000,Fell,Fayetteville,Valid,2360,36.05,-94.16667
296,10080,1875-01-01T00:00:00.000,Fell,Feid Chair,Valid,380,36.88333,8.45
297,10081,1900-01-01T00:00:00.000,Fell,Felix,Valid,3200,32.53333,-87.16667
298,10086,1924-01-01T00:00:00.000,Fell,Fenghsien-Ku,Valid,82,34.6,116.75
299,10088,1889-01-01T00:00:00.000,Fell,Ferguson,Valid,220,36.1,-81.41667
300,10091,1996-01-01T00:00:00.000,Fell,Fermo,Valid,10200,43.18111,13.75333
301,10107,1894-01-01T00:00:00.000,Fell,Fisher,Valid,17600,47.81667,-96.85
302,10111,1922-01-01T00:00:00.000,Fell,Florence,Valid,3640,30.83333,-97.76667
303,10119,1890-01-01T00:00:00.000,Fell,Forest City,Valid,152000,43.25,-93.66667
304,10120,1942-01-01T00:00:00.000,Fell,Forest Vale,Valid,26000,-33.35,146.85833
305,10123,1924-01-01T00:00:00.000,Fell,Forksville,Valid,6067,36.78333,-78.08333
306,10163,1900-01-01T00:00:00.000,Fell,Forsbach,Valid,240,50.95,7.31667
307,10164,1829-01-01T00:00:00.000,Fell,Forsyth,Valid,16300,33.01667,-83.96667
308,10166,1944-01-01T00:00:00.000,Fell,Fort Flatters,Valid,,28.25,7.0
309,10177,1868-01-01T00:00:00.000,Fell,Frankfort (stone),Valid,650,34.48333,-87.83333
310,52412,1945-01-01T00:00:00.000,Fell,Fuhe,Valid,23000,31.47556,113.56694
311,10836,1882-01-01T00:00:00.000,Fell,Fukutomi,Valid,11620,33.18333,130.2
312,10838,1654-01-01T00:00:00.000,Fell,Fünen,Valid,,55.33333,10.33333
313,10839,1822-01-01T00:00:00.000,Fell,Futtehpur,Valid,4000,25.95,80.81667
314,10840,1977-01-01T00:00:00.000,Fell,Fuyang,Valid,2500,32.9,115.9
315,10846,1826-01-01T00:00:00.000,Fell,Galapian,Valid,132.69999999999999,44.3,0.4
316,10848,1952-01-01T00:00:00.000,Fell,Galim (a),Valid,36.1,7.05,12.43333
317,10849,1952-01-01T00:00:00.000,Fell,Galim (b),Valid,28,7.05,12.43333
318,10850,1995-01-01T00:00:00.000,Fell,Galkiv,Valid,5000,51.68333,30.78333
319,10851,1897-01-01T00:00:00.000,Fell,Gambat,Valid,6400,27.35,68.53333
320,10854,1960-01-01T00:00:00.000,Fell,Gao-Guenie,Valid,,11.65,-2.18333
321,10860,1917-01-01T00:00:00.000,Fell,Garhi Yasin,Valid,380,27.88333,68.53333
322,10861,1950-01-01T00:00:00.000,Fell,Garland,Valid,102,41.68333,-112.13333
323,44882,1984-01-01T00:00:00.000,Fell,Gashua,Valid,4162,12.85,11.03333
324,10866,2000-01-01T00:00:00.000,Fell,Gasseltepaoua,Valid,,14.15083,-2.04167
325,10870,1950-01-01T00:00:00.000,Fell,Geidam,Valid,725,12.91667,11.91667
326,10914,1909-01-01T00:00:00.000,Fell,Gifu,Valid,14290,35.53333,136.88333
327,10917,1853-01-01T00:00:00.000,Fell,Girgenti,Valid,18000,37.31667,13.56667
328,10919,1947-01-01T00:00:00.000,Fell,Git-Git,Valid,480,9.6,9.91667
329,10923,1990-01-01T00:00:00.000,Fell,Glanerbrug,Valid,670,52.2,6.86667
330,10924,1939-01-01T00:00:00.000,Fell,Glanggang,Valid,1303,-7.25,107.7
331,10926,1918-01-01T00:00:00.000,Fell,Glasatovo,Valid,152000,57.35,37.61667
332,10930,1991-01-01T00:00:00.000,Fell,Glatton,Valid,767,52.45972,-0.3
333,10936,1879-01-01T00:00:00.000,Fell,Gnadenfrei,Valid,1750,50.66667,16.76667
334,10948,1865-01-01T00:00:00.000,Fell,Gopalpur,Valid,1600,24.23333,89.05
335,10949,1974-01-01T00:00:00.000,Fell,Gorlovka,Valid,3618,48.28333,38.08333
336,10956,1964-01-01T00:00:00.000,Fell,Granes,Valid,9000,42.9,2.25
337,11196,1976-01-01T00:00:00.000,Fell,Grefsheim,Valid,45.5,60.66667,11.0
338,50911,2009-01-01T00:00:00.000,Fell,Grimsby,Valid,215,43.2,-79.61667
339,11206,1861-01-01T00:00:00.000,Fell,Grosnaja,Valid,3500,43.66667,45.38333
340,11207,1837-01-01T00:00:00.000,Fell,Gross-Divina,Valid,10500,49.26667,18.71667
341,11208,1881-01-01T00:00:00.000,Fell,Grossliebenthal,Valid,8000,46.35,30.58333
342,11426,1841-01-01T00:00:00.000,Fell,Grüneberg,Valid,1000,51.93333,15.5
343,11429,1910-01-01T00:00:00.000,Fell,Grzempach,Valid,690,52.86667,16.63333
344,11432,1932-01-01T00:00:00.000,Fell,Gualeguaychú,Valid,22000,-33.0,-58.61667
345,11435,1996-01-01T00:00:00.000,Fell,Guangmingshan,Valid,2910,39.80417,122.76389
346,11436,1983-01-01T00:00:00.000,Fell,Guangnan,Valid,,24.1,105.0
347,11437,1980-01-01T00:00:00.000,Fell,Guangrao,Valid,1900,37.1,118.4
348,11439,1892-01-01T00:00:00.000,Fell,Guareña,Valid,39000,38.73333,-6.01667
349,11440,1891-01-01T00:00:00.000,Fell,Guêa,Valid,1915,43.76667,20.23333
350,11442,1972-01-01T00:00:00.000,Fell,Guibga,Valid,288,13.5,-0.68333
351,11443,1949-01-01T00:00:00.000,Fell,Guidder,Valid,968,9.91667,13.98333
352,11448,1982-01-01T00:00:00.000,Fell,Gujargaon,Valid,2449,22.98333,76.05
353,11449,1984-01-01T00:00:00.000,Fell,Gujba,Valid,100000,11.49167,11.65833
354,11450,1904-01-01T00:00:00.000,Fell,Gumoschnik,Valid,5700,42.9,24.7
355,11464,1814-01-01T00:00:00.000,Fell,Gurram Konda,Valid,28,13.78333,78.56667
356,11465,1981-01-01T00:00:00.000,Fell,Gursum,Valid,34650,9.36667,42.41667
357,11466,1851-01-01T00:00:00.000,Fell,Gütersloh,Valid,1000,51.91667,8.38333
358,11467,1930-01-01T00:00:00.000,Fell,Gyokukei,Valid,1320,35.0,127.5
359,11468,1817-01-01T00:00:00.000,Fell,Hachi-oji,Valid,0.2,35.65,139.33333
360,11472,1934-01-01T00:00:00.000,Fell,Hainaut,Valid,9000,50.31667,3.73333
361,11479,1944-01-01T00:00:00.000,Fell,Hallingeberg,Valid,1456,57.81667,16.23333
362,11485,1959-01-01T00:00:00.000,Fell,Hamlet,Valid,3710,41.38333,-86.6
363,11824,1878-01-01T00:00:00.000,Fell,Haraiya,Valid,1000,26.8,82.53333
364,11829,1921-01-01T00:00:00.000,Fell,Haripura,Valid,315,28.38333,75.78333
365,11830,1961-01-01T00:00:00.000,Fell,Harleton,Valid,8360,32.675,-94.51167
366,11842,1859-01-01T00:00:00.000,Fell,Harrison County,Valid,680,38.25,-86.16667
367,11848,1910-01-01T00:00:00.000,Fell,Hashima,Valid,1110.5999999999999,35.2945,136.70033
368,11852,1890-01-01T00:00:00.000,Fell,Hassi-Jekna,Valid,1250,28.95,0.81667
369,11855,1628-01-01T00:00:00.000,Fell,Hatford,Valid,29000,51.65,-1.51667
370,11859,1971-01-01T00:00:00.000,Fell,Haverö,Valid,1544,60.24556,22.06194
371,11869,1922-01-01T00:00:00.000,Fell,Hedeskoga,Valid,3500,55.46667,13.78333
372,11870,1910-01-01T00:00:00.000,Fell,Hedjaz,Valid,6100,27.33333,35.66667
373,11875,1857-01-01T00:00:00.000,Fell,Heredia,Valid,1000,10.0,-84.1
374,11878,1869-01-01T00:00:00.000,Fell,Hessle,Valid,20000,59.85,17.66667
375,11883,1897-01-01T00:00:00.000,Fell,Higashi-koen,Valid,750,33.6,130.43333
376,11884,1804-01-01T00:00:00.000,Fell,High Possil,Valid,4500,55.9,-4.23333
377,11889,2003-01-01T00:00:00.000,Fell,Hiroshima,Valid,414,34.45,132.38333
378,44714,2003-01-01T00:00:00.000,Fell,Hoima,Valid,167.7,1.345,31.47278
379,11893,1954-01-01T00:00:00.000,Fell,Hökmark,Valid,305.5,64.43333,21.2
380,11894,1912-01-01T00:00:00.000,Fell,Holbrook,Valid,220000,34.9,-110.18333
381,11895,1923-01-01T00:00:00.000,Fell,Holetta,Valid,1415,9.06667,38.41667
382,11901,1875-01-01T00:00:00.000,Fell,Homestead,Valid,230000,41.8,-91.86667
383,11904,1825-01-01T00:00:00.000,Fell,Honolulu,Valid,2420,21.3,-157.86667
384,11913,1956-01-01T00:00:00.000,Fell,Hotse,Valid,180,35.66667,115.5
385,11915,1963-01-01T00:00:00.000,Fell,Hoxie,Valid,266.10000000000002,39.35,-100.45
386,11916,1751-01-01T00:00:00.000,Fell,Hraschina,Valid,49000,46.1,16.33333
387,54719,2010-01-01T00:00:00.000,Fell,Huaxi,Valid,1600,26.46469,106.63241
388,11986,1877-01-01T00:00:00.000,Fell,Hungen,Valid,112,50.3,8.91667
389,11989,1901-01-01T00:00:00.000,Fell,Hvittis,Valid,14000,61.18333,22.68333
390,11992,1870-01-01T00:00:00.000,Fell,Ibbenbüren,Valid,2000,52.28333,7.7
391,11993,1957-01-01T00:00:00.000,Fell,Ibitira,Valid,2500,-20.0,-45.0
392,11994,1949-01-01T00:00:00.000,Fell,Ibrisim,Valid,,38.0,35.0
393,11995,1936-01-01T00:00:00.000,Fell,Ichkala,Valid,3973,58.2,82.93333
394,12000,1956-01-01T00:00:00.000,Fell,Idutywa,Valid,3457,-32.1,28.33333
395,12003,1977-01-01T00:00:00.000,Fell,Iguaracu,Valid,1200,-23.2,-51.83333
396,12004,1975-01-01T00:00:00.000,Fell,Ijopega,Valid,7330,-6.03333,145.36667
397,12027,1891-01-01T00:00:00.000,Fell,Indarch,Valid,27000,39.75,46.66667
398,12028,1917-01-01T00:00:00.000,Fell,Independence,Valid,880,39.08333,-94.4
399,12037,1963-01-01T00:00:00.000,Fell,Inner Mongolia,Valid,3000,41.0,112.0
400,12039,1977-01-01T00:00:00.000,Fell,Innisfree,Valid,4576,53.415,-111.3375
401,12043,1972-01-01T00:00:00.000,Fell,Ipiranga,Valid,7000,-25.5,-54.5
402,12049,1954-01-01T00:00:00.000,Fell,Ishinga,Valid,1300,-8.93333,33.8
403,12053,1928-01-01T00:00:00.000,Fell,Isthilart,Valid,3050,-31.18333,-57.95
404,12056,1879-01-01T00:00:00.000,Fell,Itapicuru-Mirim,Valid,2024,-3.4,-44.33333
405,12058,1990-01-01T00:00:00.000,Fell,Itqiy,Valid,4720,26.59083,-12.95217
406,12063,1938-01-01T00:00:00.000,Fell,Ivuna,Valid,704.5,-8.41667,32.43333
407,12065,1903-01-01T00:00:00.000,Fell,Jackalsfontein,Valid,48000,-32.5,21.9
408,12067,1926-01-01T00:00:00.000,Fell,Jajh deh Kot Lalu,Valid,973,26.75,68.41667
409,12068,1990-01-01T00:00:00.000,Fell,Jalanash,Valid,700,,68.41667
410,12069,1621-01-01T00:00:00.000,Fell,Jalandhar,Valid,1967,31.0,75.0
411,12072,1866-01-01T00:00:00.000,Fell,Jamkheir,Valid,22,18.75,75.33333
412,12074,1979-01-01T00:00:00.000,Fell,Jartai,Valid,20500,39.7,105.8
413,12078,1889-01-01T00:00:00.000,Fell,Jelica,Valid,34000,43.83333,20.44167
414,12079,1901-01-01T00:00:00.000,Fell,Jemlapur,Valid,450,,20.44167
415,51589,2009-01-01T00:00:00.000,Fell,Jesenice,Valid,3667,46.42137,14.05217
416,12085,1873-01-01T00:00:00.000,Fell,Jhung,Valid,5900,31.3,72.38333
417,12086,1964-01-01T00:00:00.000,Fell,Jiange,Valid,222,31.91667,104.91667
418,12087,1890-01-01T00:00:00.000,Fell,Jianshi,Valid,600000,30.80833,109.5
419,12171,1976-01-01T00:00:00.000,Fell,Jilin,Valid,4000000,44.05,126.16667
420,47362,2006-01-01T00:00:00.000,Fell,Jodiya,Valid,100,22.68,70.31333
421,12173,1877-01-01T00:00:00.000,Fell,Jodzie,Valid,30,55.7,24.4
422,12198,1924-01-01T00:00:00.000,Fell,Johnstown,Valid,40300,40.35,-104.9
423,12199,1974-01-01T00:00:00.000,Fell,Jolomba,Valid,483,-11.85,15.83333
424,12202,1819-01-01T00:00:00.000,Fell,Jonzac,Valid,5000,45.43333,-0.45
425,12203,1997-01-01T00:00:00.000,Fell,Juancheng,Valid,100000,35.5,115.41667
426,12207,1876-01-01T00:00:00.000,Fell,Judesegeri,Valid,680,12.85,76.8
427,12209,1984-01-01T00:00:00.000,Fell,Jumapalo,Valid,32490,-7.71667,111.2
428,12210,1976-01-01T00:00:00.000,Fell,Junan,Valid,950,35.2,118.8
429,12213,1968-01-01T00:00:00.000,Fell,Juromenha,Valid,25250,38.74028,-7.27
430,12214,1821-01-01T00:00:00.000,Fell,Juvinas,Valid,91000,44.71667,4.3
431,12218,1857-01-01T00:00:00.000,Fell,Kaba,Valid,3000,47.35,21.3
432,12220,1971-01-01T00:00:00.000,Fell,Kabo,Valid,13400,11.85,8.21667
433,12221,1822-01-01T00:00:00.000,Fell,Kadonah,Valid,89,27.08333,78.33333
434,12222,1838-01-01T00:00:00.000,Fell,Kaee,Valid,230,27.25,79.96667
435,12227,1908-01-01T00:00:00.000,Fell,Kagarlyk,Valid,1900,49.86667,30.83333
436,12228,1980-01-01T00:00:00.000,Fell,Kaidun,Valid,2000,15.0,48.3
437,12229,1937-01-01T00:00:00.000,Fell,Kainsaz,Valid,200000,55.43333,53.25
438,12230,1890-01-01T00:00:00.000,Fell,Kakangari,Valid,350,12.38333,78.51667
439,12231,1858-01-01T00:00:00.000,Fell,Kakowa,Valid,577,45.13333,21.66667
440,12232,1951-01-01T00:00:00.000,Fell,Kalaba,Valid,950,-6.83333,29.5
441,12236,1879-01-01T00:00:00.000,Fell,Kalumbi,Valid,4500,17.83333,73.98333
442,12238,1942-01-01T00:00:00.000,Fell,Kamalpur,Valid,2770,26.03333,81.46667
443,12240,1913-01-01T00:00:00.000,Fell,Kamiomi,Valid,448,36.04167,139.95667
444,12241,1902-01-01T00:00:00.000,Fell,Kamsagar,Valid,1293,14.18333,75.8
445,12243,1959-01-01T00:00:00.000,Fell,Kandahar (Afghanistan),Valid,299,31.6,65.78333
446,12245,1908-01-01T00:00:00.000,Fell,Kangean,Valid,1630,-7.0,115.5
447,12246,1897-01-01T00:00:00.000,Fell,Kangra Valley,Valid,400,32.08333,76.3
448,12251,1942-01-01T00:00:00.000,Fell,Kapoeta,Valid,11355,4.7,33.63333
449,47357,2004-01-01T00:00:00.000,Fell,Kaprada,Valid,1600,20.33916,73.22329
450,12253,1937-01-01T00:00:00.000,Fell,Kaptal-Aryk,Valid,3500,42.45,73.36667
451,12256,1840-01-01T00:00:00.000,Fell,Karakol,Valid,3000,47.21667,81.01667
452,12258,1963-01-01T00:00:00.000,Fell,Karatu,Valid,2220,-3.5,35.58333
453,12260,1949-01-01T00:00:00.000,Fell,Karewar,Valid,180,12.9,7.15
454,12262,1905-01-01T00:00:00.000,Fell,Karkh,Valid,22000,27.8,67.16667
455,12263,1955-01-01T00:00:00.000,Fell,Karloowala,Valid,2950,31.58333,71.6
456,12264,1930-01-01T00:00:00.000,Fell,Karoonda,Valid,41730,-35.08333,139.91667
457,12266,1938-01-01T00:00:00.000,Fell,Kasamatsu,Valid,710,35.36667,136.76667
458,30740,2003-01-01T00:00:00.000,Fell,Kasauli,Valid,16820,29.58333,77.58333
459,35465,1999-01-01T00:00:00.000,Fell,Katagum,Valid,1500,11.33333,10.08333
460,47351,2006-01-01T00:00:00.000,Fell,Kavarpura,Valid,6800,25.14333,75.81333
461,12268,1961-01-01T00:00:00.000,Fell,Kayakent,Valid,85000,39.26333,31.78
462,12270,1940-01-01T00:00:00.000,Fell,Kediri,Valid,3300,-7.75,112.01667
463,53654,2008-01-01T00:00:00.000,Fell,Kemer,Valid,5760,36.54194,29.41822
464,12275,1939-01-01T00:00:00.000,Fell,Kendleton,Valid,6937,29.45,-96.0
465,12276,2003-01-01T00:00:00.000,Fell,Kendrapara,Valid,6669.2,20.4625,86.70278
466,12282,1874-01-01T00:00:00.000,Fell,Kerilis,Valid,5000,48.4,-3.3
467,12284,1869-01-01T00:00:00.000,Fell,Kernouve,Valid,80000,48.11667,-3.08333
468,12286,1850-01-01T00:00:00.000,Fell,Kesen,Valid,135000,38.98333,141.61667
469,12288,1873-01-01T00:00:00.000,Fell,Khairpur,Valid,13600,29.53333,72.3
470,12289,1932-01-01T00:00:00.000,Fell,Khanpur,Valid,3698,25.55,83.11667
471,12291,1787-01-01T00:00:00.000,Fell,Kharkov,Valid,1500,50.625,35.075
472,12294,1860-01-01T00:00:00.000,Fell,Kheragur,Valid,450,26.95,77.88333
473,12296,1867-01-01T00:00:00.000,Fell,Khetri,Valid,100,28.01667,75.81667
474,12297,1929-01-01T00:00:00.000,Fell,Khmelevka,Valid,6109,56.75,75.33333
475,12298,1910-01-01T00:00:00.000,Fell,Khohar,Valid,9700,25.1,81.53333
476,12299,1932-01-01T00:00:00.000,Fell,Khor Temiki,Valid,3200,16.0,36.0
477,12300,1983-01-01T00:00:00.000,Fell,Kidairat,Valid,100000,14.0,28.0
478,12301,1962-01-01T00:00:00.000,Fell,Kiel,Valid,737.6,54.4,10.15
479,12303,1970-01-01T00:00:00.000,Fell,Kiffa,Valid,1500,16.58333,-11.33333
480,12305,1906-01-01T00:00:00.000,Fell,Kijima (1906),Valid,331,36.85,138.38333
481,12306,1809-01-01T00:00:00.000,Fell,Kikino,Valid,195,55.0,34.0
482,12307,2002-01-01T00:00:00.000,Fell,Kilabo,Valid,19000,12.76667,9.8
483,12308,1911-01-01T00:00:00.000,Fell,Kilbourn,Valid,772,43.58333,-89.6
484,12309,1844-01-01T00:00:00.000,Fell,Killeter,Valid,140,54.66667,-7.66667
485,12316,1967-01-01T00:00:00.000,Fell,Kingai,Valid,67.400000000000006,11.63333,24.68333
486,12321,1906-01-01T00:00:00.000,Fell,Kirbyville,Valid,97.7,30.75,-95.95
487,12325,1914-01-01T00:00:00.000,Fell,Kisvarsány,Valid,1550,48.16667,22.30833
488,12326,1998-01-01T00:00:00.000,Fell,Kitchener,Valid,202.6,43.38333,-80.38333
489,12332,1843-01-01T00:00:00.000,Fell,Klein-Wenden,Valid,3250,51.6,10.8
490,12335,1866-01-01T00:00:00.000,Fell,Knyahinya,Valid,500000,48.9,22.4
491,12336,1999-01-01T00:00:00.000,Fell,Kobe,Valid,136,34.73333,135.16667
492,12342,1986-01-01T00:00:00.000,Fell,Kokubunji,Valid,11510,34.3,133.95
493,12343,1926-01-01T00:00:00.000,Fell,Komagome,Valid,238,35.73333,139.75
494,12344,1931-01-01T00:00:00.000,Fell,Konovo,Valid,90,42.51667,26.16667
495,53810,2010-01-01T00:00:00.000,Fell,Košice,Valid,4300,48.76367,21.17633
496,12353,1869-01-01T00:00:00.000,Fell,Krähenberg,Valid,16500,49.32694,7.46472
497,12355,1829-01-01T00:00:00.000,Fell,Krasnoi-Ugol,Valid,2440,54.03333,40.9
498,12357,1946-01-01T00:00:00.000,Fell,Krasnyi Klyuch,Valid,4000,54.33333,56.08333
499,12363,1906-01-01T00:00:00.000,Fell,Krutikha,Valid,845.2,56.8,77.0
500,12364,1946-01-01T00:00:00.000,Fell,Krymka,Valid,50000,47.83333,30.76667
501,12368,1938-01-01T00:00:00.000,Fell,Kukschin,Valid,2250,51.15,31.7
502,12369,1961-01-01T00:00:00.000,Fell,Kulak,Valid,453.6,30.73111,66.80222
503,12370,1811-01-01T00:00:00.000,Fell,Kuleschovka,Valid,6000,50.75,33.5
504,12373,1906-01-01T00:00:00.000,Fell,Kulp,Valid,3719,41.11667,45.0
505,12377,1949-01-01T00:00:00.000,Fell,Kunashak,Valid,200000,55.78333,61.36667
506,12379,1998-01-01T00:00:00.000,Fell,Kunya-Urgench,Valid,1100000,42.25,59.2
507,12381,1920-01-01T00:00:00.000,Fell,Kushiike,Valid,4460,37.05,138.38333
508,12382,1860-01-01T00:00:00.000,Fell,Kusiali,Valid,5,29.68333,78.38333
509,12383,1977-01-01T00:00:00.000,Fell,Kutais,Valid,23,44.51667,39.3
510,12384,1914-01-01T00:00:00.000,Fell,Kuttippuram,Valid,45000,10.83333,76.03333
511,12385,1932-01-01T00:00:00.000,Fell,Kuznetzovo,Valid,4047,55.2,75.33333
512,12390,1886-01-01T00:00:00.000,Fell,Kyushu,Valid,45000,32.03333,130.63333
513,12392,1879-01-01T00:00:00.000,Fell,La Bécasse,Valid,2800,47.08333,1.75
514,12394,1878-01-01T00:00:00.000,Fell,La Charca,Valid,399,20.66667,-101.28333
515,12395,1924-01-01T00:00:00.000,Fell,La Colina,Valid,2000,-37.33333,-61.53333
516,12396,1985-01-01T00:00:00.000,Fell,La Criolla,Valid,45000,-31.23333,-58.16667
517,12408,1871-01-01T00:00:00.000,Fell,Laborel,Valid,3833,44.28333,5.58333
518,12433,1955-01-01T00:00:00.000,Fell,Lahrauli,Valid,900,26.78333,82.71667
519,12434,1803-01-01T00:00:00.000,Fell,L'Aigle,Valid,37000,48.76667,0.63333
520,32531,2003-01-01T00:00:00.000,Found,Cumulus Hills 04075,Valid,9.6,,0.63333
521,12435,1910-01-01T00:00:00.000,Fell,Lakangaon,Valid,212.5,21.86667,76.03333
522,12451,1887-01-01T00:00:00.000,Fell,Lalitpur,Valid,372,24.45,78.56667
523,12455,1872-01-01T00:00:00.000,Fell,Lancé,Valid,51700,47.7,1.06667
524,12456,1897-01-01T00:00:00.000,Fell,Lancon,Valid,7000,43.75,5.11667
525,12461,1947-01-01T00:00:00.000,Fell,Långhalsen,Valid,2300,58.85,16.73333
526,12464,1986-01-01T00:00:00.000,Fell,Lanxi,Valid,1282,46.24167,126.19611
527,12465,1925-01-01T00:00:00.000,Fell,Lanzenkirchen,Valid,7000,47.75,16.23333
528,12466,1987-01-01T00:00:00.000,Fell,Laochenzhen,Valid,14250,33.13333,115.16667
529,12740,1830-01-01T00:00:00.000,Fell,Launton,Valid,1060,51.9,-1.11667
530,12743,1938-01-01T00:00:00.000,Fell,Lavrentievka,Valid,800,52.45,51.56667
531,12748,1845-01-01T00:00:00.000,Fell,Le Pressoir,Valid,3000,47.16667,0.43333
532,12749,1845-01-01T00:00:00.000,Fell,Le Teilleul,Valid,780,48.53333,-0.86667
533,12755,1943-01-01T00:00:00.000,Fell,Leedey,Valid,51500,35.88333,-99.33333
534,12756,1912-01-01T00:00:00.000,Fell,Leeuwfontein,Valid,460,-25.66667,28.36667
535,12759,1999-01-01T00:00:00.000,Fell,Leighlinbridge,Valid,271.39999999999998,52.66667,-6.96667
536,12760,1907-01-01T00:00:00.000,Fell,Leighton,Valid,877,34.58333,-87.5
537,12765,1900-01-01T00:00:00.000,Fell,Leonovka,Valid,700,52.26667,32.85
538,12769,1857-01-01T00:00:00.000,Fell,Les Ormes,Valid,125,48.35,3.25
539,12772,1896-01-01T00:00:00.000,Fell,Lesves,Valid,2000,50.36667,4.73333
540,14646,1973-01-01T00:00:00.000,Fell,Lichtenberg,Valid,4000,-26.15,26.18333
541,14650,1930-01-01T00:00:00.000,Fell,Lillaverke,Valid,6862,56.65,15.86667
542,14652,1813-01-01T00:00:00.000,Fell,Limerick,Valid,50000,52.56667,-8.78333
543,14655,1854-01-01T00:00:00.000,Fell,Linum,Valid,1862,52.75,12.9
544,14659,1978-01-01T00:00:00.000,Fell,Lishui,Valid,498,31.63333,118.98333
545,14661,1808-01-01T00:00:00.000,Fell,Lissa,Valid,12800,50.2,14.85
546,14664,1839-01-01T00:00:00.000,Fell,Little Piney,Valid,491,37.91667,-92.08333
547,14670,1820-01-01T00:00:00.000,Fell,Lixna,Valid,5213,56.0,26.43333
548,14675,1868-01-01T00:00:00.000,Fell,Lodran,Valid,1000,29.53333,71.8
549,14678,1994-01-01T00:00:00.000,Fell,Lohawat,Valid,40000,26.96556,72.62667
550,52843,2010-01-01T00:00:00.000,Fell,Lorton,Valid,329.7,38.70066,-77.21163
551,14708,1894-01-01T00:00:00.000,Fell,Los Martinez,Valid,25,38.0,-0.83333
552,14711,1970-01-01T00:00:00.000,Fell,Lost City,Valid,17000,36.00833,-95.15
553,14716,1977-01-01T00:00:00.000,Fell,Louisville,Valid,1300,38.25,-85.75
554,14718,1935-01-01T00:00:00.000,Fell,?owicz,Valid,59000,52.0,19.91667
555,14721,1926-01-01T00:00:00.000,Fell,Lua,Valid,9241,24.95,75.15
556,14724,1768-01-01T00:00:00.000,Fell,Lucé,Valid,3500,47.85,0.48333
557,14753,1869-01-01T00:00:00.000,Fell,Lumpkin,Valid,340,32.03333,-84.76667
558,14754,1980-01-01T00:00:00.000,Fell,Lunan,Valid,2520,24.8,103.3
559,14755,1889-01-01T00:00:00.000,Fell,Lundsgård,Valid,11000,56.21667,13.03333
560,14756,1813-01-01T00:00:00.000,Fell,Luotolax,Valid,885,61.2,27.7
561,14757,1753-01-01T00:00:00.000,Fell,Luponnas,Valid,14000,46.21667,5.0
562,14759,1951-01-01T00:00:00.000,Fell,Lusaka,Valid,,-7.21667,29.43333
563,14764,1937-01-01T00:00:00.000,Fell,Mabwe-Khoywa,Valid,540,19.0,97.0
564,15370,1836-01-01T00:00:00.000,Fell,Macau,Valid,1500,-5.2,-36.66667
565,15371,1981-01-01T00:00:00.000,Fell,Machinga,Valid,93200,-15.21222,35.24222
566,15372,1936-01-01T00:00:00.000,Fell,Macibini,Valid,1995,-28.83333,31.95
567,15379,1950-01-01T00:00:00.000,Fell,Madhipura,Valid,1000,25.91667,86.36667
568,15380,1935-01-01T00:00:00.000,Fell,Madiun,Valid,400,-7.75,111.53333
569,15382,1896-01-01T00:00:00.000,Fell,Madrid,Valid,400,40.41667,-3.71667
570,15383,1941-01-01T00:00:00.000,Fell,Mafra,Valid,600,-26.16667,-49.93333
571,15386,1899-01-01T00:00:00.000,Fell,Magnesia,Valid,5000,37.86667,27.51667
572,15387,1990-01-01T00:00:00.000,Fell,Magombedze,Valid,666.6,-19.48333,31.65
573,47361,2007-01-01T00:00:00.000,Fell,Mahadevpur,Valid,70500,27.66667,95.78333
574,30751,2004-01-01T00:00:00.000,Fell,Maigatari-Danduma,Valid,4629,12.83333,9.38333
575,15393,1933-01-01T00:00:00.000,Fell,Malaga,Valid,150,32.21667,-104.0
576,15394,1970-01-01T00:00:00.000,Fell,Malakal,Valid,2000,9.5,31.75
577,15395,1930-01-01T00:00:00.000,Fell,Malampaka,Valid,470,-3.13333,33.51667
578,15397,1931-01-01T00:00:00.000,Fell,Malotas,Valid,,-28.93333,-63.23333
579,15400,1933-01-01T00:00:00.000,Fell,Malvern,Valid,807,-29.45,26.76667
580,15401,1927-01-01T00:00:00.000,Fell,Mamra Springs,Valid,1000,45.21667,62.08333
581,15402,1863-01-01T00:00:00.000,Fell,Manbhoom,Valid,1700,23.05,86.7
582,15403,1843-01-01T00:00:00.000,Fell,Manegaon,Valid,50,20.96667,76.1
583,15405,1934-01-01T00:00:00.000,Fell,Mangwendi,Valid,22300,-17.65,31.6
584,15409,1951-01-01T00:00:00.000,Fell,Manych,Valid,3555,45.81667,44.63333
585,15414,1948-01-01T00:00:00.000,Fell,Mardan,Valid,4500,34.23333,72.08333
586,15418,1925-01-01T00:00:00.000,Fell,Maria Linden,Valid,114,,72.08333
587,15419,1898-01-01T00:00:00.000,Fell,Mariaville,Valid,340,42.71667,-99.38333
588,48973,2009-01-01T00:00:00.000,Fell,Maribo,Valid,25.81,54.76183,11.46745
589,15421,1941-01-01T00:00:00.000,Fell,Maridi,Valid,3200,4.66667,29.25
590,15422,1971-01-01T00:00:00.000,Fell,Marilia,Valid,2500,-22.25,-49.93333
591,15424,1847-01-01T00:00:00.000,Fell,Marion (Iowa),Valid,28400,41.9,-91.6
592,15426,1902-01-01T00:00:00.000,Fell,Marjalahti,Valid,45000,61.5,30.5
593,15429,1848-01-01T00:00:00.000,Fell,Marmande,Valid,3000,44.5,0.15
594,15430,2002-01-01T00:00:00.000,Fell,Maromandia,Valid,6000,-14.2,48.1
595,15436,1983-01-01T00:00:00.000,Fell,Maryville,Valid,1443,35.8,-84.1
596,15438,1836-01-01T00:00:00.000,Fell,Mascombes,Valid,1000,45.36667,1.86667
597,53653,2010-01-01T00:00:00.000,Fell,Mason Gully,Valid,24.54,0.0,0.0
598,15443,1803-01-01T00:00:00.000,Fell,Mässing,Valid,1600,48.13333,12.61667
599,15446,1768-01-01T00:00:00.000,Fell,Mauerkirchen,Valid,19000,48.18333,13.13333
600,15447,1801-01-01T00:00:00.000,Fell,Mauritius,Valid,220,-20.0,57.0
601,15451,1974-01-01T00:00:00.000,Fell,Mayo Belwa,Valid,4850,8.96667,12.08333
602,15453,1885-01-01T00:00:00.000,Fell,Mazapil,Valid,4000,24.68333,-101.68333
603,15454,1942-01-01T00:00:00.000,Fell,Maziba,Valid,4975,-1.21667,30.0
604,15455,1992-01-01T00:00:00.000,Fell,Mbale,Valid,150000,1.06667,34.16667
605,15467,1953-01-01T00:00:00.000,Fell,Medanitos,Valid,31,-27.25,-67.5
606,15469,1861-01-01T00:00:00.000,Fell,Meerut,Valid,22,29.01667,77.8
607,15470,1915-01-01T00:00:00.000,Fell,Meester-Cornelis,Valid,24750,-6.23333,106.88333
608,15485,1862-01-01T00:00:00.000,Fell,Menow,Valid,10500,53.18333,13.15
609,15486,1903-01-01T00:00:00.000,Fell,Menziswyl,Valid,28.9,46.81867,7.21817
610,15489,1878-01-01T00:00:00.000,Fell,Mern,Valid,4000,55.05,12.06667
611,15491,1945-01-01T00:00:00.000,Fell,Meru,Valid,6000,0.0,37.66667
612,15492,1920-01-01T00:00:00.000,Fell,Merua,Valid,71400,25.48333,81.98333
613,15495,1955-01-01T00:00:00.000,Fell,Messina,Valid,2405,38.18333,15.56667
614,16626,1897-01-01T00:00:00.000,Fell,Meuselbach,Valid,870,50.58333,11.1
615,16627,1949-01-01T00:00:00.000,Fell,Mezel,Valid,1300,45.76667,3.25
616,16628,1852-01-01T00:00:00.000,Fell,Mezö-Madaras,Valid,22700,46.5,25.73333
617,16629,1827-01-01T00:00:00.000,Fell,Mhow,Valid,350,25.9,83.61667
618,16631,1980-01-01T00:00:00.000,Fell,Mianchi,Valid,1100,34.8,111.7
619,16632,1881-01-01T00:00:00.000,Fell,Middlesbrough,Valid,1600,54.56667,-1.16667
620,52090,2010-01-01T00:00:00.000,Fell,Mifflin,Valid,3584,42.9075,-90.36556
621,16634,1889-01-01T00:00:00.000,Fell,Mighei,Valid,8000,48.06667,30.96667
622,16635,1992-01-01T00:00:00.000,Fell,Mihonoseki,Valid,6380,35.56833,133.22
623,16636,1944-01-01T00:00:00.000,Fell,Mike,Valid,224.2,46.23333,17.53333
624,16640,1842-01-01T00:00:00.000,Fell,Milena,Valid,10000,46.18333,16.1
625,16643,1960-01-01T00:00:00.000,Fell,Millbillillie,Valid,330000,-26.45,120.36667
626,16645,1930-01-01T00:00:00.000,Fell,Miller (Arkansas),Valid,16700,35.4,-92.05
627,16692,1632-01-01T00:00:00.000,Fell,Minamino,Valid,1040,35.07833,136.93333
628,16696,1826-01-01T00:00:00.000,Fell,Mineo,Valid,42,37.28333,14.7
629,16697,1952-01-01T00:00:00.000,Fell,Min-Fan-Zhun,Valid,5500,32.33333,120.66667
630,16700,1905-01-01T00:00:00.000,Fell,Minnichhof,Valid,550,47.7,16.6
631,16701,1910-01-01T00:00:00.000,Fell,Mirzapur,Valid,8510,25.68333,83.25
632,16703,1890-01-01T00:00:00.000,Fell,Misshof,Valid,5800,56.66667,23.0
633,16707,1898-01-01T00:00:00.000,Fell,Mjelleim,Valid,100.7,61.73333,5.93333
634,16709,1882-01-01T00:00:00.000,Fell,Mocs,Valid,300000,46.8,24.03333
635,16711,1905-01-01T00:00:00.000,Fell,Modoc (1905),Valid,35000,38.5,-101.1
636,16713,1908-01-01T00:00:00.000,Fell,Mokoia,Valid,4500,-39.63333,174.4
637,16715,1858-01-01T00:00:00.000,Fell,Molina,Valid,144000,38.11667,-1.16667
638,16717,1953-01-01T00:00:00.000,Fell,Molteno,Valid,150,-31.25,26.46667
639,16719,1998-01-01T00:00:00.000,Fell,Monahans (1998),Valid,2587,31.60833,-102.85833
640,16720,1849-01-01T00:00:00.000,Fell,Monroe,Valid,8600,35.25,-80.5
641,16725,1950-01-01T00:00:00.000,Fell,Monte das Fortes,Valid,4885,38.01667,-8.25
642,16726,1846-01-01T00:00:00.000,Fell,Monte Milone,Valid,3130,43.26667,13.35
643,16727,1923-01-01T00:00:00.000,Fell,Montferré,Valid,149000,43.39056,1.9625
644,16729,1838-01-01T00:00:00.000,Fell,Montlivault,Valid,500,47.63333,1.58333
645,16733,1950-01-01T00:00:00.000,Fell,Monze,Valid,,-15.96667,27.35
646,16736,1913-01-01T00:00:00.000,Fell,Moore County,Valid,1880,35.41667,-79.38333
647,16737,1810-01-01T00:00:00.000,Fell,Mooresfort,Valid,3520,52.45,-8.33333
648,16738,1930-01-01T00:00:00.000,Fell,Moorleah,Valid,8887.5,-40.975,145.6
649,16740,1808-01-01T00:00:00.000,Fell,Moradabad,Valid,70,28.78333,78.83333
650,16742,2000-01-01T00:00:00.000,Fell,Morávka,Valid,633,49.6,18.53333
651,16747,1875-01-01T00:00:00.000,Fell,Mornans,Valid,1300,44.6,5.13333
652,36592,2006-01-01T00:00:00.000,Fell,Moss,Valid,3763,59.43333,10.7
653,16759,1868-01-01T00:00:00.000,Fell,Moti-ka-nagla,Valid,1500,26.83333,77.33333
654,16762,1868-01-01T00:00:00.000,Fell,Motta di Conti,Valid,9150,45.2,8.5
655,16766,1902-01-01T00:00:00.000,Fell,Mount Browne,Valid,11300,-29.8,141.7
656,16804,1991-01-01T00:00:00.000,Fell,Mount Tazerzait,Valid,110000,18.7,4.8
657,16805,1637-01-01T00:00:00.000,Fell,Mount Vaisi,Valid,17000,44.08333,6.86667
658,16820,1944-01-01T00:00:00.000,Fell,Mtola,Valid,1100,-11.5,33.5
659,16841,1865-01-01T00:00:00.000,Fell,Muddoor,Valid,4400,12.63333,77.01667
660,16851,1795-01-01T00:00:00.000,Fell,Mulletiwu,Valid,25.5,9.33333,80.83333
661,16874,1924-01-01T00:00:00.000,Fell,Muraid,Valid,4703,24.5,90.21667
662,16875,1969-01-01T00:00:00.000,Fell,Murchison,Valid,100000,-36.61667,145.2
663,16882,1950-01-01T00:00:00.000,Fell,Murray,Valid,12600,36.6,-88.1
664,16885,1964-01-01T00:00:00.000,Fell,Muzaffarpur,Valid,1245,26.13333,85.53333
665,16887,1842-01-01T00:00:00.000,Fell,Myhee Caunta,Valid,,23.05,72.63333
666,16889,1956-01-01T00:00:00.000,Fell,Nadiabondi,Valid,8165,12.0,1.0
667,16890,1922-01-01T00:00:00.000,Fell,Nagai,Valid,1810,38.12167,140.06167
668,16892,1875-01-01T00:00:00.000,Fell,Nagaria,Valid,20,26.98333,78.21667
669,16893,1895-01-01T00:00:00.000,Fell,Nagy-Borové,Valid,6100,49.16667,19.5
670,16898,1911-01-01T00:00:00.000,Fell,Nakhla,Valid,10000,31.31667,30.35
671,16899,1923-01-01T00:00:00.000,Fell,Nakhon Pathom,Valid,23200,13.73333,100.08333
672,16902,1886-01-01T00:00:00.000,Fell,Nammianthal,Valid,4500,12.28333,79.2
673,16903,1917-01-01T00:00:00.000,Fell,Nan Yang Pao,Valid,52900,35.66667,103.5
674,16904,1825-01-01T00:00:00.000,Fell,Nanjemoy,Valid,7500,38.41667,-77.16667
675,16907,1984-01-01T00:00:00.000,Fell,Nantong,Valid,529,32.11667,121.8
676,16908,1928-01-01T00:00:00.000,Fell,Naoki,Valid,17000,19.25,77.0
677,16909,1974-01-01T00:00:00.000,Fell,Naragh,Valid,2700,33.75,51.5
678,16912,1928-01-01T00:00:00.000,Fell,Narellan,Valid,367.5,-34.05,150.68889
679,16914,0921-01-01T00:00:00.000,Fell,Narni,Valid,,42.51667,12.51667
680,16922,1936-01-01T00:00:00.000,Fell,Nassirah,Valid,347,-21.73333,165.9
681,16923,1973-01-01T00:00:00.000,Fell,Natal,Valid,1.4,,165.9
682,16927,1890-01-01T00:00:00.000,Fell,Nawapali,Valid,105,21.25,83.66667
683,16934,1995-01-01T00:00:00.000,Fell,Neagari,Valid,420,36.44917,136.46528
684,16935,1870-01-01T00:00:00.000,Fell,Nedagolla,Valid,4500,18.68333,83.48333
685,16941,1970-01-01T00:00:00.000,Fell,Nejo,Valid,2450,9.5,35.33333
686,16945,1864-01-01T00:00:00.000,Fell,Nerft,Valid,10250,56.5,21.5
687,16950,2002-01-01T00:00:00.000,Fell,Neuschwanstein,Valid,6189,47.525,10.80833
688,16953,1860-01-01T00:00:00.000,Fell,New Concord,Valid,230000,40.0,-81.76667
689,16954,1994-01-01T00:00:00.000,Fell,New Halfa,Valid,12000,15.36667,35.68333
690,16960,2003-01-01T00:00:00.000,Fell,New Orleans,Valid,19256,29.94718,-90.10976
691,16966,1883-01-01T00:00:00.000,Fell,Ngawi,Valid,1393,-7.45,111.41667
692,16968,1900-01-01T00:00:00.000,Fell,N'Goureyma,Valid,37500,13.85,-4.38333
693,16970,1750-01-01T00:00:00.000,Fell,Nicorps,Valid,,49.03333,-1.43333
694,16974,1967-01-01T00:00:00.000,Fell,Niger (L6),Valid,3.3,,-1.43333
695,16975,1967-01-01T00:00:00.000,Fell,Niger (LL6),Valid,3.3,,-1.43333
696,16976,1935-01-01T00:00:00.000,Fell,Nikolaevka,Valid,3996,52.45,78.63333
697,16977,1954-01-01T00:00:00.000,Fell,Nikolskoe,Valid,6000,56.11667,37.33333
698,16980,1975-01-01T00:00:00.000,Fell,Ningbo,Valid,14250,29.86667,121.48333
699,16981,1983-01-01T00:00:00.000,Fell,Ningqiang,Valid,4610,32.925,105.90667
700,16982,1897-01-01T00:00:00.000,Fell,Nio,Valid,467,34.2,131.56667
701,16983,1912-01-01T00:00:00.000,Fell,N'Kandhla,Valid,17200,-28.56667,30.7
702,16984,1823-01-01T00:00:00.000,Fell,Nobleborough,Valid,2300,44.08333,-69.48333
703,16985,1991-01-01T00:00:00.000,Fell,Noblesville,Valid,483.7,40.08528,-86.055
704,16988,0861-01-01T00:00:00.000,Fell,Nogata,Valid,472,33.725,130.75
705,16989,1879-01-01T00:00:00.000,Fell,Nogoya,Valid,4000,-32.36667,-59.83333
706,16994,1918-01-01T00:00:00.000,Fell,Norfork,Valid,1050,36.21667,-92.26667
707,17922,1948-01-01T00:00:00.000,Fell,Norton County,Valid,1100000,39.68333,-99.86667
708,17930,1971-01-01T00:00:00.000,Fell,Noventa Vicentina,Valid,177,45.29167,11.52722
709,17933,1886-01-01T00:00:00.000,Fell,Novo-Urei,Valid,1900,54.81667,46.0
710,17934,1662-01-01T00:00:00.000,Fell,Novy-Ergi,Valid,,58.55,31.33333
711,17935,1908-01-01T00:00:00.000,Fell,Novy-Projekt,Valid,1001,56.0,22.0
712,17936,1933-01-01T00:00:00.000,Fell,Noyan-Bogdo,Valid,250,42.91667,102.46667
713,17938,1978-01-01T00:00:00.000,Fell,Nuevo Mercurio,Valid,50000,24.3,-102.13333
714,17959,1851-01-01T00:00:00.000,Fell,Nulles,Valid,5000,41.63333,0.75
715,17960,1925-01-01T00:00:00.000,Fell,Numakai,Valid,363,43.33333,141.86667
716,17969,1939-01-01T00:00:00.000,Fell,Nyaung,Valid,737.6,21.20833,94.91667
717,17970,1914-01-01T00:00:00.000,Fell,Nyirábrany,Valid,1100,47.55,22.025
718,17979,1887-01-01T00:00:00.000,Fell,Ochansk,Valid,500000,57.78333,55.26667
719,17988,1927-01-01T00:00:00.000,Fell,Oesede,Valid,1400,52.28333,8.05
720,17989,1855-01-01T00:00:00.000,Fell,Oesel,Valid,6000,58.5,23.0
721,17990,1900-01-01T00:00:00.000,Fell,Ofehértó,Valid,3750,47.88333,22.03333
722,17994,1741-01-01T00:00:00.000,Fell,Ogi,Valid,14360,33.28333,130.2
723,17995,1857-01-01T00:00:00.000,Fell,Ohaba,Valid,16250,46.06667,23.58333
724,17996,1963-01-01T00:00:00.000,Fell,Ohuma,Valid,7700,6.75,8.5
725,17997,1926-01-01T00:00:00.000,Fell,Ojuelos Altos,Valid,5850,38.18333,-5.4
726,17998,1958-01-01T00:00:00.000,Fell,Okabe,Valid,194,36.18333,139.21667
727,18000,1904-01-01T00:00:00.000,Fell,Okano,Valid,4742,35.08333,135.2
728,18002,1834-01-01T00:00:00.000,Fell,Okniny,Valid,12000,50.83333,25.5
729,18009,1930-01-01T00:00:00.000,Fell,Oldenburg (1930),Valid,16570,52.95,8.16667
730,18012,1520-01-01T00:00:00.000,Fell,Oliva-Gandia,Valid,,39.0,-0.03333
731,18013,1924-01-01T00:00:00.000,Fell,Olivenza,Valid,150000,38.71667,-7.06667
732,18015,1929-01-01T00:00:00.000,Fell,Olmedilla de Alarcón,Valid,40000,39.56667,-2.1
733,18019,1981-01-01T00:00:00.000,Fell,Omolon,Valid,250000,64.02,161.80833
734,18026,1864-01-01T00:00:00.000,Fell,Orgueil,Valid,14000,43.88333,1.38333
735,34489,2004-01-01T00:00:00.000,Fell,Orlando,Valid,180,28.5475,-81.36222
736,18030,1868-01-01T00:00:00.000,Fell,Ornans,Valid,6000,47.11667,6.15
737,18033,1671-01-01T00:00:00.000,Fell,Ortenau,Valid,4500,48.5,8.0
738,18034,1872-01-01T00:00:00.000,Fell,Orvinio,Valid,3400,42.13333,12.93333
739,18042,1928-01-01T00:00:00.000,Fell,Oterøy,Valid,246,58.88333,9.4
740,18045,1867-01-01T00:00:00.000,Fell,Otomi,Valid,6510,38.4,140.35
741,18046,1896-01-01T00:00:00.000,Fell,Ottawa,Valid,840,38.6,-95.21667
742,56729,2003-01-01T00:00:00.000,Fell,Ouadangou,Valid,4440,12.9,0.08
743,18050,1986-01-01T00:00:00.000,Fell,Oued el Hadjar,Valid,1215.5,30.18,-6.57717
744,31282,2003-01-01T00:00:00.000,Fell,Oum Dreyga,Valid,17000,24.3,-13.1
745,18052,1998-01-01T00:00:00.000,Fell,Ourique,Valid,20000,37.60833,-8.28
746,18055,1900-01-01T00:00:00.000,Fell,Ovambo,Valid,121.5,-18.0,16.0
747,18058,1856-01-01T00:00:00.000,Fell,Oviedo,Valid,205,43.4,-5.86667
748,18062,1775-01-01T00:00:00.000,Fell,Owrucz,Valid,,51.33333,28.83333
749,18068,1881-01-01T00:00:00.000,Fell,Pacula,Valid,3400,21.05,-99.3
750,18069,1929-01-01T00:00:00.000,Fell,Padvarninkai,Valid,3858,55.66667,25.0
751,18072,1910-01-01T00:00:00.000,Fell,Paitan,Valid,515,17.74333,120.45583
752,18073,1910-01-01T00:00:00.000,Fell,Palahatchie,Valid,,32.31667,-89.71667
753,18074,1988-01-01T00:00:00.000,Fell,Palca de Aparzo,Valid,1430,-23.11667,-65.1
754,18077,1914-01-01T00:00:00.000,Fell,Palinshih,Valid,18000,43.48333,118.61667
755,18079,1926-01-01T00:00:00.000,Fell,Palmyra,Valid,135,39.8,-91.5
756,18082,1949-01-01T00:00:00.000,Fell,Palolo Valley,Valid,682,21.3,-157.78333
757,32591,2002-01-01T00:00:00.000,Found,Dominion Range 03239,Valid,69.5,,-157.78333
758,18093,1859-01-01T00:00:00.000,Fell,Pampanga,Valid,10500,15.08333,120.7
759,18098,1938-01-01T00:00:00.000,Fell,Pantar,Valid,2130,8.06667,124.28333
760,18101,1930-01-01T00:00:00.000,Fell,Paragould,Valid,408000,36.06667,-90.5
761,18102,1967-01-01T00:00:00.000,Fell,Parambu,Valid,2000,-6.23333,-40.7
762,18103,1956-01-01T00:00:00.000,Fell,Paranaiba,Valid,100000,-19.13333,-51.66667
763,18106,2003-01-01T00:00:00.000,Fell,Park Forest,Valid,18000,41.48472,-87.67917
764,18108,1857-01-01T00:00:00.000,Fell,Parnallee,Valid,77600,9.23333,78.35
765,18109,1942-01-01T00:00:00.000,Fell,Parsa,Valid,800,26.2,85.4
766,18110,1933-01-01T00:00:00.000,Fell,Pasamonte,Valid,5100,36.21667,-103.4
767,18112,1969-01-01T00:00:00.000,Fell,Patora,Valid,4375,20.93694,82.05
768,18116,1950-01-01T00:00:00.000,Fell,Patrimonio,Valid,2121,-19.53333,-48.56667
769,18118,1922-01-01T00:00:00.000,Fell,Patti,Valid,12,38.13333,14.96667
770,18171,1935-01-01T00:00:00.000,Fell,Patwar,Valid,37350,23.15,91.18333
771,18173,1966-01-01T00:00:00.000,Fell,Pavel,Valid,2968,43.46667,25.51667
772,18175,1938-01-01T00:00:00.000,Fell,Pavlodar (stone),Valid,142.5,52.3,77.03333
773,18176,1826-01-01T00:00:00.000,Fell,Pavlograd,Valid,40000,48.53333,35.98333
774,18177,1882-01-01T00:00:00.000,Fell,Pavlovka,Valid,2000,52.03333,43.0
775,18179,1989-01-01T00:00:00.000,Fell,Pê,Valid,,11.33367,-3.54217
776,18180,1963-01-01T00:00:00.000,Fell,Peace River,Valid,45760,56.13333,-117.93333
777,18181,1953-01-01T00:00:00.000,Fell,Peckelsheim,Valid,117.8,51.66667,9.25
778,18782,1992-01-01T00:00:00.000,Fell,Peekskill,Valid,12570,41.28333,-73.91667
779,18786,1946-01-01T00:00:00.000,Fell,Peña Blanca Spring,Valid,70000,30.125,-103.11667
780,18792,1899-01-01T00:00:00.000,Fell,Peramiho,Valid,165,-10.66667,35.5
781,18793,1935-01-01T00:00:00.000,Fell,Perpeti,Valid,23474,23.325,91.0
782,18797,1830-01-01T00:00:00.000,Fell,Perth,Valid,2,56.4,-3.43333
783,18798,1933-01-01T00:00:00.000,Fell,Pervomaisky,Valid,66000,56.63333,39.43333
784,18799,1933-01-01T00:00:00.000,Fell,Pesyanoe,Valid,3393,55.5,66.08333
785,18800,1995-01-01T00:00:00.000,Fell,Pétèlkolé,Valid,189,14.052,0.42
786,18801,1855-01-01T00:00:00.000,Fell,Petersburg,Valid,1800,35.3,-86.63333
787,18804,1779-01-01T00:00:00.000,Fell,Pettiswood,Valid,,53.53333,-7.33333
788,18808,1901-01-01T00:00:00.000,Fell,Phillips County (stone),Valid,57900,40.0,-99.25
789,18809,1887-01-01T00:00:00.000,Fell,Phu Hong,Valid,500,11.25,108.58333
790,18811,1933-01-01T00:00:00.000,Fell,Phum Sambo,Valid,7800,12.0,105.48333
791,18812,1941-01-01T00:00:00.000,Fell,Phuoc-Binh,Valid,11000,15.71667,108.1
792,18813,1968-01-01T00:00:00.000,Fell,Piancaldoli,Valid,13.1,44.24417,11.50222
793,18816,1843-01-01T00:00:00.000,Fell,Picote,Valid,,41.36667,-6.23333
794,18822,1863-01-01T00:00:00.000,Fell,Pillistfer,Valid,23250,58.66667,25.73333
795,18831,1996-01-01T00:00:00.000,Fell,Piplia Kalan,Valid,42000,26.03472,73.94167
796,18832,1881-01-01T00:00:00.000,Fell,Piquetberg,Valid,37,-32.86667,18.71667
797,18834,1882-01-01T00:00:00.000,Fell,Pirgunje,Valid,842,25.8,88.45
798,18835,1884-01-01T00:00:00.000,Fell,Pirthalla,Valid,1161,29.58333,76.0
799,18837,1921-01-01T00:00:00.000,Fell,Pitts,Valid,3760,31.95,-83.51667
800,18846,1930-01-01T00:00:00.000,Fell,Plantersville,Valid,2085,30.7,-96.11667
801,51706,2008-01-01T00:00:00.000,Fell,Ple?coi,Valid,6913,45.275,26.70972
802,18849,1723-01-01T00:00:00.000,Fell,Ploschkovitz,Valid,39,50.53333,14.11667
803,18851,1868-01-01T00:00:00.000,Fell,Pnompehn,Valid,96,11.58333,104.91667
804,32592,2002-01-01T00:00:00.000,Found,Dominion Range 03240,Valid,290.89999999999998,,104.91667
805,18853,1819-01-01T00:00:00.000,Fell,Pohlitz,Valid,3000,50.93333,12.13333
806,18858,1866-01-01T00:00:00.000,Fell,Pokhra,Valid,350,26.71667,82.66667
807,18860,1942-01-01T00:00:00.000,Fell,Pollen,Valid,253.6,66.34833,14.015
808,18865,1931-01-01T00:00:00.000,Fell,Pontlyfni,Valid,157,53.03639,-4.31944
809,18874,1998-01-01T00:00:00.000,Fell,Portales Valley,Valid,71400,34.175,-103.295
810,18876,1796-01-01T00:00:00.000,Fell,Portugal,Valid,4500,38.5,-8.0
811,18879,1933-01-01T00:00:00.000,Fell,Po-wang Chen,Valid,665,31.41667,118.5
812,18883,1932-01-01T00:00:00.000,Fell,Prambachkirchen,Valid,2125,48.3025,13.94083
813,18887,1959-01-01T00:00:00.000,Fell,Pribram,Valid,5555,49.66667,14.03333
814,18888,1893-01-01T00:00:00.000,Fell,Pricetown,Valid,900,39.11667,-83.85
815,45984,2007-01-01T00:00:00.000,Fell,Puerto Lápice,Valid,500,39.35,-3.51667
816,18899,1863-01-01T00:00:00.000,Fell,Pulsora,Valid,560,23.36667,75.18333
817,18901,1868-01-01T00:00:00.000,Fell,Pultusk,Valid,250000,52.76667,21.26667
818,18902,1811-01-01T00:00:00.000,Fell,Punganaru,Valid,100,13.33333,78.95
819,18905,1937-01-01T00:00:00.000,Fell,Putinga,Valid,300000,-29.03333,-53.05
820,18907,1982-01-01T00:00:00.000,Fell,Qidong,Valid,1275,32.08333,121.5
821,18908,1976-01-01T00:00:00.000,Fell,Qingzhen,Valid,2600,26.53333,106.46667
822,22357,1925-01-01T00:00:00.000,Fell,Queen's Mercy,Valid,7000,-30.11667,28.7
823,22358,1857-01-01T00:00:00.000,Fell,Quenggouk,Valid,6045,17.76667,95.18333
824,22360,1898-01-01T00:00:00.000,Fell,Quesa,Valid,10750,39.0,-0.66667
825,22361,1990-01-01T00:00:00.000,Fell,Quija,Valid,17450,44.61667,126.13333
826,22363,1851-01-01T00:00:00.000,Fell,Quincay,Valid,65,46.6,0.25
827,22368,1957-01-01T00:00:00.000,Fell,Raco,Valid,5000,-26.66667,-65.45
828,22371,1986-01-01T00:00:00.000,Fell,Raghunathpura,Valid,10200,27.72528,76.465
829,31302,1983-01-01T00:00:00.000,Fell,Rahimyar Khan,Valid,67225,28.225,70.2
830,22376,1878-01-01T00:00:00.000,Fell,Rakovka,Valid,9000,52.98333,37.03333
831,22384,1940-01-01T00:00:00.000,Fell,Ramnagar,Valid,3766,26.45,82.9
832,22385,1916-01-01T00:00:00.000,Fell,Rampurhat,Valid,100,24.16667,87.76667
833,22386,1958-01-01T00:00:00.000,Fell,Ramsdorf,Valid,4682,51.88333,6.93333
834,22387,1917-01-01T00:00:00.000,Fell,Ranchapur,Valid,290.39999999999998,23.98333,87.08333
835,22390,1899-01-01T00:00:00.000,Fell,Rancho de la Presa,Valid,300,19.86667,-100.81667
836,22392,1937-01-01T00:00:00.000,Fell,Rangala,Valid,3224.5,25.38333,72.01667
837,22394,1919-01-01T00:00:00.000,Fell,Raoyang,Valid,4910,38.2,115.7
838,22395,1961-01-01T00:00:00.000,Fell,Ras Tanura,Valid,6.1,26.66667,50.15
839,22396,1740-01-01T00:00:00.000,Fell,Rasgrad,Valid,24700,43.5,26.53333
840,22398,1880-01-01T00:00:00.000,Fell,Ratyn,Valid,910,52.2,17.98333
841,53502,2007-01-01T00:00:00.000,Fell,Red Canyon Lake,Valid,18.41,38.13742,-119.75812
842,22584,1947-01-01T00:00:00.000,Fell,Reliegos,Valid,17300,42.475,-5.33333
843,22585,1919-01-01T00:00:00.000,Fell,Rembang,Valid,10000,-6.73333,111.36667
844,22586,1824-01-01T00:00:00.000,Fell,Renazzo,Valid,1000,44.76667,11.28333
845,22587,1925-01-01T00:00:00.000,Fell,Renca,Valid,300,-32.75,-65.28333
846,22589,1916-01-01T00:00:00.000,Fell,Renqiu,Valid,355,38.66667,116.13333
847,22590,1933-01-01T00:00:00.000,Fell,Repeev Khutor,Valid,7000,48.6,45.66667
848,22592,1965-01-01T00:00:00.000,Fell,Revelstoke,Valid,1,51.33333,-118.95
849,22593,1929-01-01T00:00:00.000,Fell,Rewari,Valid,3332,28.2,76.66667
850,22597,1903-01-01T00:00:00.000,Fell,Rich Mountain,Valid,668,35.03333,-83.03333
851,24140,1948-01-01T00:00:00.000,Fell,Uzcudun,Valid,20000,-44.11667,-66.15
852,22599,1918-01-01T00:00:00.000,Fell,Richardton,Valid,90000,46.88333,-102.31667
853,22602,1980-01-01T00:00:00.000,Fell,Richland Springs,Valid,1900,31.25,-99.03333
854,22603,1828-01-01T00:00:00.000,Fell,Richmond,Valid,1800,37.46667,-77.5
855,22611,1934-01-01T00:00:00.000,Fell,Rio Negro,Valid,1310,-26.1,-49.8
856,22614,1491-01-01T00:00:00.000,Fell,Rivolta de Bassi,Valid,103.3,45.48333,9.51667
857,22637,1876-01-01T00:00:00.000,Fell,Rochester,Valid,340,41.08333,-86.28333
858,22640,1895-01-01T00:00:00.000,Fell,Rockhampton,Valid,1641,-23.38333,150.51667
859,22641,1871-01-01T00:00:00.000,Fell,Roda,Valid,400,42.3,0.55
860,22642,1775-01-01T00:00:00.000,Fell,Rodach,Valid,2900,50.35,10.8
861,22766,1921-01-01T00:00:00.000,Fell,Rose City,Valid,10600,44.51667,-83.95
862,22773,1876-01-01T00:00:00.000,Fell,Rowton,Valid,3500,52.76667,-2.51667
863,22780,1976-01-01T00:00:00.000,Fell,Ruhobobo,Valid,465.5,-1.45,29.83333
864,22782,1934-01-01T00:00:00.000,Fell,Rumuruti,Valid,67,0.26667,36.53333
865,22783,1949-01-01T00:00:00.000,Fell,Rupota,Valid,6000,-10.26667,38.76667
866,22791,1914-01-01T00:00:00.000,Fell,Ryechki,Valid,13000,51.13333,34.5
867,22792,1855-01-01T00:00:00.000,Fell,Sabetmahet,Valid,1250,27.43333,82.08333
868,22793,1999-01-01T00:00:00.000,Fell,Sabrum,Valid,478,23.08333,91.66667
869,22796,1636-01-01T00:00:00.000,Fell,Sagan,Valid,,51.53333,14.88333
870,23101,1914-01-01T00:00:00.000,Fell,Saint-Sauveur,Valid,14000,43.73333,1.38333
871,23102,1966-01-01T00:00:00.000,Fell,Saint-Séverin,Valid,271000,45.3,0.23333
872,23103,1913-01-01T00:00:00.000,Fell,Sakauchi,Valid,4180,35.66667,136.3
873,23107,1981-01-01T00:00:00.000,Fell,Salem,Valid,61.4,44.97917,-122.96944
874,23111,1798-01-01T00:00:00.000,Fell,Salles,Valid,9000,46.05,4.63333
875,23114,1985-01-01T00:00:00.000,Fell,Salzwedel,Valid,43,52.75,11.05
876,23115,1921-01-01T00:00:00.000,Fell,Samelia,Valid,2462,25.66667,74.86667
877,23128,1973-01-01T00:00:00.000,Fell,San Juan Capistrano,Valid,56,33.48472,-117.6625
878,31315,2002-01-01T00:00:00.000,Fell,San Michele,Valid,237,43.66667,13.0
879,23130,1956-01-01T00:00:00.000,Fell,San Pedro de Quiles,Valid,282,-31.01667,-71.4
880,34063,1968-01-01T00:00:00.000,Fell,San Pedro Jacuaro,Valid,460,19.76667,-100.65
881,23161,1873-01-01T00:00:00.000,Fell,Santa Barbara,Valid,400,-29.2,-51.86667
882,23164,1939-01-01T00:00:00.000,Fell,Santa Cruz,Valid,60,24.16667,-99.33333
883,23165,1924-01-01T00:00:00.000,Fell,Santa Isabel,Valid,5500,-33.9,-61.7
884,50909,2008-01-01T00:00:00.000,Fell,Santa Lucia (2008),Valid,4000,-31.535556,-68.489444
885,23171,1962-01-01T00:00:00.000,Fell,São Jose do Rio Preto,Valid,927,-20.81,-49.38056
886,23176,1918-01-01T00:00:00.000,Fell,Saratov,Valid,200000,52.55,46.55
887,23187,1688-01-01T00:00:00.000,Fell,Sasagase,Valid,695,34.71667,137.78333
888,23188,1868-01-01T00:00:00.000,Fell,Sauguis,Valid,4000,43.15,-0.85
889,23190,1894-01-01T00:00:00.000,Fell,Savtschenskoje,Valid,2500,47.21667,29.86667
890,23192,1986-01-01T00:00:00.000,Fell,Sayama,Valid,430,35.86667,139.4
891,23455,1934-01-01T00:00:00.000,Fell,Sazovice,Valid,412,49.23333,17.56667
892,23457,1715-01-01T00:00:00.000,Fell,Schellin,Valid,7000,53.35,15.05
893,23458,1968-01-01T00:00:00.000,Fell,Schenectady,Valid,283.3,42.86083,-73.95028
894,23460,1846-01-01T00:00:00.000,Fell,Schönenberg,Valid,8000,48.11667,10.46667
895,23472,1871-01-01T00:00:00.000,Fell,Searsmont,Valid,5400,44.36667,-69.2
896,23473,1917-01-01T00:00:00.000,Fell,Sediköy,Valid,240,38.3,27.13333
897,23476,1853-01-01T00:00:00.000,Fell,Segowlie,Valid,6930,26.75,84.78333
898,23481,1939-01-01T00:00:00.000,Fell,Selakopi,Valid,1590,-7.23333,107.33333
899,23483,1947-01-01T00:00:00.000,Fell,Seldebourak,Valid,150,22.83333,4.98333
900,23487,1940-01-01T00:00:00.000,Fell,Semarkona,Valid,691,22.25,79.0
901,23495,1773-01-01T00:00:00.000,Fell,Sena,Valid,4000,41.71667,-0.05
902,23496,1993-01-01T00:00:00.000,Fell,Senboku,Valid,866,39.43833,140.51167
903,23500,1966-01-01T00:00:00.000,Fell,Seoni,Valid,20000,21.68389,79.50083
904,23501,1818-01-01T00:00:00.000,Fell,Seres,Valid,8500,41.05,23.56667
905,23502,1923-01-01T00:00:00.000,Fell,Serra de Magé,Valid,1800,-8.38333,-36.76667
906,23504,1908-01-01T00:00:00.000,Fell,Sete Lagoas,Valid,350,-19.46667,-44.21667
907,23508,1862-01-01T00:00:00.000,Fell,Sevilla,Valid,180,37.41667,-6.0
908,23509,1874-01-01T00:00:00.000,Fell,Sevrukovo,Valid,101000,50.61667,36.6
909,23512,1989-01-01T00:00:00.000,Fell,Sfax,Valid,7000,34.75,10.71667
910,23521,1850-01-01T00:00:00.000,Fell,Shalka,Valid,4000,23.1,87.3
911,23525,1921-01-01T00:00:00.000,Fell,Sharps,Valid,1265,37.83333,-76.7
912,23529,1904-01-01T00:00:00.000,Fell,Shelburne,Valid,18600,44.05,-80.16667
913,23530,1865-01-01T00:00:00.000,Fell,Shergotty,Valid,5000,24.55,84.83333
914,23531,1976-01-01T00:00:00.000,Fell,Sheyang,Valid,605,33.65,120.06667
915,23534,1921-01-01T00:00:00.000,Fell,Shikarpur,Valid,3679.7,25.85,87.5775
916,23582,1971-01-01T00:00:00.000,Fell,Shuangyang,Valid,3900,43.5,125.66667
917,23583,1912-01-01T00:00:00.000,Fell,Shupiyan,Valid,5000,33.71667,74.83333
918,23584,1863-01-01T00:00:00.000,Fell,Shytal,Valid,3200,24.33333,90.16667
919,23586,1794-01-01T00:00:00.000,Fell,Siena,Valid,3700,43.11667,11.6
920,23593,1947-01-01T00:00:00.000,Fell,Sikhote-Alin,Valid,23000000,46.16,134.65333
921,23594,1995-01-01T00:00:00.000,Fell,Silao,Valid,1710,20.93333,-101.38333
922,55584,1917-01-01T00:00:00.000,Fell,Silistra,Valid,0.15,44.11667,27.26667
923,23603,1920-01-01T00:00:00.000,Fell,Simmern,Valid,1222,49.98333,7.53333
924,23606,1916-01-01T00:00:00.000,Fell,Sinai,Valid,1455,30.9,32.48333
925,23611,1901-01-01T00:00:00.000,Fell,Sindhri,Valid,8400,26.21667,69.55
926,23613,1956-01-01T00:00:00.000,Fell,Sinnai,Valid,2000,39.3,9.2
927,23614,1933-01-01T00:00:00.000,Fell,Sioux County,Valid,4100,42.58333,-103.66667
928,23616,1875-01-01T00:00:00.000,Fell,Sitathali,Valid,1600,20.91667,82.58333
929,23617,1989-01-01T00:00:00.000,Fell,Sivas,Valid,40000,39.82467,36.13583
930,23619,1989-01-01T00:00:00.000,Fell,Sixiangkou,Valid,630,32.43333,119.86667
931,23621,1848-01-01T00:00:00.000,Fell,Ski,Valid,850,59.73333,10.86667
932,23626,1868-01-01T00:00:00.000,Fell,Slavetic,Valid,1708,45.68333,15.6
933,23645,1818-01-01T00:00:00.000,Fell,Slobodka,Valid,2750,55.0,35.0
934,23660,1960-01-01T00:00:00.000,Fell,Soheria,Valid,72.900000000000006,27.13333,84.06667
935,23661,1877-01-01T00:00:00.000,Fell,Soko-Banja,Valid,80000,43.66667,21.86667
936,23663,1860-01-01T00:00:00.000,Fell,Sologne,Valid,54,47.36667,1.73333
937,53829,2011-01-01T00:00:00.000,Fell,So?tmany,Valid,1066,54.00883,22.005
938,23667,1866-01-01T00:00:00.000,Fell,Sone,Valid,17100,35.16667,135.33333
939,23668,1993-01-01T00:00:00.000,Fell,Songyuan,Valid,36900,45.25,125.0
940,23670,1927-01-01T00:00:00.000,Fell,Sopot,Valid,958,44.41667,23.5
941,23671,1945-01-01T00:00:00.000,Fell,Soroti,Valid,2050,1.7,33.63333
942,23081,1883-01-01T00:00:00.000,Fell,St. Caprais-de-Quinsac,Valid,360,44.75,0.05
943,23082,1841-01-01T00:00:00.000,Fell,St. Christophe-la-Chartreuse,Valid,5500,46.95,-1.5
944,23083,1855-01-01T00:00:00.000,Fell,St. Denis Westrem,Valid,700,51.05,3.75
945,23087,1890-01-01T00:00:00.000,Fell,St. Germain-du-Pinel,Valid,4000,48.01667,-1.15
946,23089,1950-01-01T00:00:00.000,Fell,St. Louis,Valid,1000,38.7,-90.23333
947,23090,1903-01-01T00:00:00.000,Fell,St. Mark's,Valid,13780,-32.01667,27.41667
948,23091,1919-01-01T00:00:00.000,Fell,St. Mary's County,Valid,24.3,38.16667,-76.38333
949,23092,1866-01-01T00:00:00.000,Fell,St. Mesmin,Valid,8300,48.45,3.93333
950,23093,1910-01-01T00:00:00.000,Fell,St. Michel,Valid,17000,61.65,27.2
951,23097,1959-01-01T00:00:00.000,Fell,St.-Chinian,Valid,134.30000000000001,43.43333,2.95
952,23712,1876-01-01T00:00:00.000,Fell,Ställdalen,Valid,34000,59.93333,14.95
953,23713,1808-01-01T00:00:00.000,Fell,Stannern,Valid,52000,49.28333,15.56667
954,23717,1857-01-01T00:00:00.000,Fell,Stavropol,Valid,1500,45.05,41.98333
955,23099,1962-01-01T00:00:00.000,Fell,Ste. Marguerite,Valid,4960,50.76667,3.0
956,23724,1990-01-01T00:00:00.000,Fell,Sterlitamak,Valid,325000,53.66667,55.98333
957,23726,1647-01-01T00:00:00.000,Fell,Stolzenau,Valid,,52.53333,9.05
958,23728,1974-01-01T00:00:00.000,Fell,Stratford,Valid,50,41.2,-73.13333
959,23729,1917-01-01T00:00:00.000,Fell,Strathmore,Valid,13400,56.58333,-3.25
960,23732,1623-01-01T00:00:00.000,Fell,Stretchleigh,Valid,10400,50.38333,-3.95
961,23733,1994-01-01T00:00:00.000,Fell,St-Robert,Valid,25400,45.96861,-72.97806
962,23736,1924-01-01T00:00:00.000,Fell,Success,Valid,3500,36.48333,-90.66667
963,23737,1969-01-01T00:00:00.000,Fell,Suchy Dul,Valid,815.3,50.53806,16.26333
964,23738,1986-01-01T00:00:00.000,Fell,Suizhou,Valid,260000,31.61667,113.46667
965,48951,2008-01-01T00:00:00.000,Fell,Sulagiri,Valid,110000,12.66667,78.03333
966,23741,1916-01-01T00:00:00.000,Fell,Sultanpur,Valid,1710.5,25.93333,84.28333
967,23745,1935-01-01T00:00:00.000,Fell,Sungach,Valid,637,44.86667,133.16667
968,23760,1865-01-01T00:00:00.000,Fell,Supuhee,Valid,7235,26.71667,84.21667
969,55529,2012-01-01T00:00:00.000,Fell,Sutter's Mill,Valid,992.5,38.80389,-120.90806
970,23773,1954-01-01T00:00:00.000,Fell,Sylacauga,Valid,5560,33.18836,-86.2945
971,23776,1753-01-01T00:00:00.000,Fell,Tabor,Valid,7540,49.4,14.65
972,23778,1867-01-01T00:00:00.000,Fell,Tadjera,Valid,9000,36.18333,5.41667
973,23782,2000-01-01T00:00:00.000,Fell,Tagish Lake,Valid,10000,59.70444,-134.20139
974,23784,1991-01-01T00:00:00.000,Fell,Tahara,Valid,1000,34.72,137.305
975,23789,1880-01-01T00:00:00.000,Fell,Takenouchi,Valid,720,35.38333,134.9
976,23791,1995-01-01T00:00:00.000,Fell,Talampaya,Valid,1421,,134.9
977,23795,1975-01-01T00:00:00.000,Fell,Tambakwatu,Valid,10500,-7.75,112.76667
978,48691,2008-01-01T00:00:00.000,Fell,Tamdakht,Valid,100000,31.16333,-7.015
979,23801,1918-01-01T00:00:00.000,Fell,Tané,Valid,905,35.43333,136.23333
980,23873,1965-01-01T00:00:00.000,Fell,Taonan,Valid,3850,45.4,122.9
981,23884,1931-01-01T00:00:00.000,Fell,Tatahouine,Valid,12000,32.95,10.41667
982,23885,1967-01-01T00:00:00.000,Fell,Tathlith,Valid,2500,19.38333,43.73333
983,23887,1929-01-01T00:00:00.000,Fell,Tauk,Valid,6000,35.13333,44.45
984,23888,1937-01-01T00:00:00.000,Fell,Tauti,Valid,21000,46.71667,23.5
985,23897,1879-01-01T00:00:00.000,Fell,Tenham,Valid,160000,-25.73333,142.95
986,23898,1872-01-01T00:00:00.000,Fell,Tennasilm,Valid,28500,58.03333,26.95
987,23908,1950-01-01T00:00:00.000,Fell,Thal,Valid,342,33.4,70.6
988,54493,2011-01-01T00:00:00.000,Fell,Thika,Valid,14200,-1.00278,37.15028
989,23976,2002-01-01T00:00:00.000,Fell,Thuathe,Valid,45300,-29.33333,27.58333
990,23984,1986-01-01T00:00:00.000,Fell,Tianzhang,Valid,2232,32.94667,118.99
991,23989,1878-01-01T00:00:00.000,Fell,Tieschitz,Valid,28000,49.6,17.11667
992,23998,1927-01-01T00:00:00.000,Fell,Tilden,Valid,74800,38.2,-89.68333
993,23999,1970-01-01T00:00:00.000,Fell,Tillaberi,Valid,3000,14.25,1.53333
994,24004,1807-01-01T00:00:00.000,Fell,Timochin,Valid,65500,54.5,35.2
995,24009,1934-01-01T00:00:00.000,Fell,Tirupati,Valid,230,13.63333,79.41667
996,54823,2011-01-01T00:00:00.000,Fell,Tissint,Valid,7000,29.48195,-7.61123
997,24011,1869-01-01T00:00:00.000,Fell,Tjabe,Valid,20000,-7.08333,111.53333
998,24012,1922-01-01T00:00:00.000,Fell,Tjerebon,Valid,16500,-6.66667,106.58333
999,24019,1905-01-01T00:00:00.000,Fell,Tomakovka,Valid,600,47.85,34.76667
